0000002079;00000;-00023;-00294;-00003;-00021;-00294;-02832;-00334;-02894;-02766;-00370;-02942
0000002082;00001;-00028;-00298;-00003;-00022;-00294;-02828;-00326;-02922;-02772;-00366;-02940
0000002084;-00004;-00026;-00299;-00003;-00022;-00295;-02818;-00322;-02924;-02777;-00362;-02938
0000002087;-00001;-00025;-00300;-00003;-00022;-00295;-02805;-00320;-02918;-02779;-00358;-02936
0000002089;-00003;-00020;-00293;-00003;-00022;-00295;-02834;-00340;-02900;-02784;-00356;-02933
0000002091;-00002;-00021;-00293;-00002;-00022;-00295;-02840;-00322;-02910;-02790;-00353;-02931
0000002094;-00004;-00023;-00289;-00003;-00022;-00294;-02824;-00318;-02904;-02793;-00349;-02928
0000002096;-00008;-00023;-00294;-00003;-00022;-00294;-02831;-00334;-02922;-02796;-00348;-02927
0000002099;-00003;-00024;-00290;-00003;-00022;-00294;-02831;-00327;-02935;-02800;-00346;-02928
0000002101;-00007;-00025;-00295;-00003;-00022;-00294;-02849;-00322;-02874;-02804;-00344;-02923
0000002104;-00001;-00021;-00297;-00003;-00022;-00294;-02828;-00296;-02902;-02807;-00339;-02921
0000002106;-00002;-00020;-00291;-00003;-00022;-00294;-02817;-00300;-02884;-02807;-00335;-02917
0000002108;00000;-00027;-00299;-00003;-00022;-00294;-02807;-00299;-02908;-02807;-00332;-02916
0000002111;-00003;-00025;-00292;-00003;-00023;-00294;-02853;-00327;-02918;-02812;-00331;-02917
0000002113;-00003;-00027;-00294;-00003;-00023;-00294;-02861;-00324;-02912;-02816;-00330;-02916
0000002116;-00004;-00021;-00296;-00003;-00023;-00294;-02828;-00272;-02832;-02817;-00325;-02908
0000002118;00001;-00022;-00297;-00002;-00023;-00294;-02842;-00289;-02890;-02820;-00321;-02906
0000002120;-00006;-00017;-00302;-00003;-00022;-00295;-02843;-00302;-02902;-02822;-00320;-02906
0000002123;-00002;-00027;-00299;-00002;-00022;-00295;-02820;-00326;-02920;-02822;-00320;-02907
0000002125;-00006;-00024;-00300;-00003;-00023;-00296;-02826;-00302;-02928;-02822;-00318;-02909
0000002128;-00002;-00019;-00296;-00003;-00022;-00296;-02854;-00299;-02888;-02825;-00316;-02907
0000002130;-00011;-00027;-00289;-00003;-00023;-00295;-02852;-00289;-02866;-02828;-00314;-02903
0000002133;-00006;-00027;-00299;-00004;-00023;-00295;-02839;-00316;-02906;-02829;-00314;-02903
0000002135;-00006;-00022;-00296;-00004;-00023;-00295;-02837;-00286;-02914;-02829;-00311;-02904
0000002137;-00007;-00022;-00299;-00004;-00023;-00296;-02829;-00306;-02888;-02829;-00311;-02903
0000002140;00002;-00019;-00288;-00003;-00022;-00295;-02842;-00291;-02890;-02830;-00309;-02901
0000002142;-00003;-00019;-00289;-00003;-00022;-00294;-02843;-00288;-02886;-02832;-00307;-02900
0000002145;-00002;-00022;-00295;-00003;-00022;-00294;-02857;-00286;-02888;-02834;-00305;-02899
0000002147;-00003;-00018;-00300;-00003;-00021;-00295;-02851;-00288;-02888;-02836;-00303;-02898
0000002149;-00003;-00019;-00298;-00003;-00021;-00295;-02857;-00290;-02876;-02837;-00302;-02896
0000002152;-00004;-00021;-00302;-00003;-00021;-00296;-02858;-00314;-02906;-02839;-00303;-02896
0000002154;-00002;-00020;-00300;-00003;-00021;-00296;-02850;-00290;-02878;-02840;-00302;-02895
0000002157;-00003;-00022;-00294;-00003;-00021;-00296;-02837;-00302;-02888;-02840;-00302;-02894
0000002159;-00008;-00025;-00296;-00003;-00021;-00296;-02848;-00304;-02870;-02841;-00302;-02892
0000002162;-00008;-00026;-00296;-00004;-00022;-00296;-02853;-00290;-02886;-02842;-00301;-02891
0000002164;-00007;-00025;-00293;-00004;-00022;-00295;-02858;-00286;-02890;-02843;-00299;-02891
0000002166;-00008;-00021;-00295;-00004;-00022;-00295;-02861;-00292;-02846;-02845;-00298;-02887
0000002169;-00007;-00022;-00293;-00005;-00022;-00295;-02877;-00292;-02890;-02848;-00298;-02887
0000002171;-00004;-00022;-00294;-00004;-00022;-00295;-02854;-00287;-02878;-02848;-00297;-02886
0000002174;-00007;-00021;-00291;-00005;-00022;-00294;-02855;-00322;-02870;-02849;-00299;-02884
0000002176;-00007;-00019;-00291;-00005;-00021;-00294;-02874;-00294;-02908;-02851;-00299;-02887
0000002178;-00003;-00022;-00288;-00005;-00021;-00293;-02863;-00281;-02858;-02852;-00297;-02884
0000002181;-00006;-00026;-00290;-00005;-00022;-00293;-02867;-00290;-02872;-02854;-00296;-02883
0000002183;-00009;-00021;-00294;-00005;-00022;-00293;-02860;-00292;-02892;-02854;-00296;-02884
0000002186;-00002;-00030;-00297;-00005;-00022;-00293;-02852;-00292;-02874;-02854;-00295;-02883
0000002188;-00007;-00029;-00297;-00005;-00023;-00294;-02857;-00301;-02876;-02854;-00296;-02882
0000002191;-00003;-00025;-00293;-00005;-00023;-00294;-02880;-00270;-02878;-02857;-00293;-02881
0000002193;-00006;-00023;-00299;-00005;-00023;-00294;-02872;-00273;-02850;-02858;-00291;-02878
0000002195;-00003;-00016;-00290;-00005;-00022;-00294;-02857;-00290;-02860;-02858;-00291;-02877
0000002198;-00008;-00018;-00294;-00005;-00022;-00294;-02870;-00293;-02886;-02859;-00291;-02877
0000002200;-00005;-00019;-00292;-00005;-00022;-00293;-02851;-00289;-02870;-02858;-00291;-02877
0000002203;00001;-00023;-00290;-00004;-00022;-00293;-02864;-00292;-02878;-02859;-00291;-02877
0000002205;-00002;-00022;-00297;-00004;-00022;-00293;-02880;-00282;-02870;-02861;-00290;-02876
0000002207;-00002;-00027;-00294;-00004;-00022;-00293;-02861;-00285;-02878;-02861;-00290;-02876
0000002210;-00003;-00022;-00296;-00004;-00022;-00294;-02870;-00278;-02874;-02862;-00288;-02876
0000002212;-00004;-00021;-00293;-00004;-00022;-00293;-02878;-00302;-02864;-02863;-00290;-02875
0000002215;-00006;-00018;-00295;-00004;-00021;-00294;-02858;-00275;-02860;-02863;-00288;-02873
0000002217;-00005;-00023;-00293;-00004;-00022;-00293;-02864;-00301;-02864;-02863;-00289;-02872
0000002220;-00006;-00022;-00286;-00004;-00022;-00293;-02889;-00288;-02870;-02865;-00289;-02872
0000002222;-00003;-00022;-00290;-00004;-00022;-00292;-02870;-00280;-02872;-02865;-00288;-02872
0000002224;-00002;-00020;-00291;-00004;-00021;-00292;-02864;-00267;-02848;-02865;-00286;-02870
0000002227;00001;-00021;-00297;-00003;-00021;-00293;-02867;-00297;-02876;-02865;-00287;-02870
0000002229;00005;-00016;-00298;-00002;-00021;-00293;-02884;-00314;-02892;-02867;-00290;-02872
0000002232;00000;-00022;-00292;-00002;-00021;-00293;-02884;-00301;-02856;-02869;-00291;-02871
0000002234;-00001;-00020;-00297;-00002;-00021;-00293;-02873;-00268;-02872;-02869;-00289;-02871
0000002237;-00007;-00019;-00293;-00002;-00020;-00293;-02941;-00292;-02868;-02876;-00289;-02870
0000002239;-00003;-00024;-00292;-00002;-00021;-00293;-02966;-00318;-02858;-02884;-00292;-02869
0000002241;-00002;-00019;-00292;-00002;-00021;-00293;-02938;-00271;-02843;-02889;-00290;-02867
0000002244;-00009;-00017;-00290;-00003;-00020;-00293;-02890;-00269;-02847;-02889;-00288;-02865
0000002246;-00003;-00022;-00295;-00003;-00020;-00293;-02665;-00240;-02937;-02868;-00283;-02872
0000002249;-00001;-00022;-00291;-00003;-00020;-00293;-02635;-00308;-02914;-02846;-00285;-02876
0000002251;-00001;-00020;-00295;-00002;-00020;-00293;-02667;-00441;-02966;-02829;-00300;-02884
0000002253;-00001;-00020;-00295;-00002;-00020;-00293;-02656;-00463;-02962;-02812;-00316;-02891
0000002256;-00005;-00025;-00294;-00002;-00021;-00293;-02751;-00520;-02945;-02806;-00335;-02897
0000002258;-00003;-00031;-00292;-00002;-00022;-00293;-02771;-00634;-02961;-02803;-00363;-02903
0000002261;-00004;-00024;-00300;-00003;-00022;-00293;-02713;-00694;-03001;-02794;-00395;-02912
0000002263;00000;-00029;-00297;-00002;-00022;-00294;-02667;-00628;-02984;-02782;-00417;-02919
0000002266;00002;-00027;-00299;-00002;-00023;-00294;-02746;-00598;-02937;-02779;-00434;-02920
0000002268;-00004;-00025;-00300;-00002;-00023;-00295;-02754;-00567;-02908;-02776;-00447;-02919
0000002270;-00005;-00020;-00294;-00002;-00023;-00295;-02683;-00585;-02856;-02767;-00460;-02913
0000002273;-00005;-00021;-00293;-00002;-00022;-00294;-02795;-00643;-02920;-02770;-00477;-02914
0000002275;-00006;-00024;-00296;-00003;-00023;-00294;-02797;-00745;-02933;-02773;-00503;-02916
0000002278;-00001;-00025;-00298;-00003;-00023;-00295;-02690;-00808;-02978;-02765;-00532;-02921
0000002280;-00002;-00023;-00299;-00002;-00023;-00295;-02623;-00790;-02934;-02751;-00556;-02923
0000002282;-00003;-00027;-00296;-00002;-00023;-00295;-02703;-00774;-02926;-02746;-00577;-02923
0000002285;-00004;-00021;-00302;-00003;-00023;-00296;-02753;-00757;-02924;-02747;-00594;-02923
0000002287;-00006;-00025;-00304;-00003;-00023;-00297;-02735;-00742;-02916;-02746;-00608;-02922
0000002290;-00008;-00028;-00292;-00003;-00023;-00296;-02691;-00748;-02912;-02741;-00621;-02921
0000002292;-00007;-00032;-00300;-00004;-00024;-00296;-02690;-00744;-02942;-02736;-00633;-02923
0000004715;-00002;-00021;-00287;-00003;-00017;-00284;-03360;-00304;-02287;-03363;-00315;-02270
0000004717;-00004;-00018;-00291;-00003;-00017;-00285;-03364;-00312;-02249;-03363;-00314;-02268
0000004719;-00003;-00015;-00287;-00003;-00017;-00285;-03365;-00337;-02312;-03363;-00317;-02272
0000004722;-00008;-00017;-00281;-00003;-00017;-00285;-03364;-00320;-02280;-03363;-00317;-02272
0000004724;-00005;-00014;-00287;-00004;-00016;-00285;-03368;-00294;-02223;-03363;-00315;-02268
0000004727;-00001;-00018;-00280;-00003;-00016;-00284;-03355;-00330;-02313;-03363;-00316;-02272
0000004729;-00002;-00019;-00291;-00003;-00017;-00285;-03369;-00341;-02262;-03363;-00318;-02271
0000004732;-00005;-00020;-00287;-00003;-00017;-00285;-03362;-00333;-02271;-03363;-00320;-02271
0000004734;-00002;-00012;-00283;-00003;-00016;-00285;-03354;-00320;-02240;-03362;-00320;-02268
0000004736;-00001;-00019;-00285;-00003;-00017;-00285;-03374;-00341;-02289;-03363;-00322;-02270
0000004739;-00005;-00015;-00282;-00003;-00016;-00284;-03360;-00302;-02252;-03363;-00320;-02268
0000004741;-00001;-00018;-00281;-00003;-00016;-00284;-03375;-00272;-02240;-03364;-00315;-02265
0000004744;-00004;-00014;-00286;-00003;-00016;-00284;-03358;-00301;-02209;-03363;-00314;-02260
0000004746;00003;-00014;-00288;-00002;-00016;-00284;-03353;-00351;-02319;-03362;-00317;-02266
0000004748;-00004;-00014;-00290;-00002;-00016;-00285;-03358;-00325;-02265;-03362;-00318;-02265
0000004751;-00007;-00018;-00283;-00003;-00016;-00285;-03362;-00322;-02281;-03362;-00318;-02267
0000004753;-00004;-00015;-00278;-00003;-00016;-00284;-03347;-00310;-02261;-03360;-00317;-02266
0000004756;-00004;-00014;-00290;-00003;-00016;-00285;-03363;-00330;-02282;-03361;-00319;-02268
0000004758;-00003;-00014;-00287;-00003;-00015;-00285;-03381;-00312;-02270;-03362;-00318;-02268
0000004761;-00005;-00012;-00283;-00003;-00015;-00285;-03367;-00341;-02266;-03363;-00320;-02268
0000004763;00000;-00018;-00284;-00003;-00015;-00284;-03362;-00312;-02280;-03363;-00319;-02269
0000004765;-00002;-00014;-00277;-00003;-00015;-00284;-03365;-00316;-02298;-03363;-00319;-02272
0000004768;-00005;-00019;-00285;-00003;-00015;-00284;-03382;-00328;-02257;-03365;-00320;-02270
0000004770;-00006;-00020;-00277;-00003;-00016;-00283;-03376;-00295;-02252;-03366;-00317;-02268
0000004773;-00003;-00017;-00282;-00003;-00016;-00283;-03372;-00298;-02270;-03366;-00315;-02268
0000004775;-00006;-00017;-00287;-00003;-00016;-00283;-03378;-00296;-02261;-03367;-00314;-02268
0000004777;-00003;-00012;-00281;-00003;-00015;-00283;-03370;-00308;-02255;-03368;-00313;-02266
0000004780;-00003;-00015;-00286;-00003;-00015;-00283;-03368;-00334;-02288;-03368;-00315;-02268
0000004782;-00001;-00017;-00286;-00003;-00015;-00283;-03369;-00316;-02248;-03368;-00315;-02266
0000004785;-00003;-00021;-00280;-00003;-00016;-00283;-03380;-00291;-02255;-03369;-00313;-02265
0000004787;-00004;-00019;-00276;-00003;-00016;-00282;-03374;-00288;-02239;-03369;-00310;-02263
0000004790;-00006;-00017;-00278;-00003;-00016;-00282;-03376;-00284;-02270;-03370;-00308;-02263
0000004792;-00007;-00011;-00288;-00003;-00016;-00282;-03388;-00273;-02228;-03371;-00304;-02260
0000004794;00001;-00018;-00290;-00003;-00016;-00283;-03394;-00290;-02253;-03374;-00303;-02259
0000004797;-00002;-00018;-00283;-00003;-00016;-00283;-03385;-00283;-02243;-03375;-00301;-02258
0000004799;-00006;-00013;-00283;-00003;-00016;-00283;-03361;-00325;-02275;-03373;-00303;-02259
0000004802;-00004;-00011;-00291;-00003;-00015;-00284;-03378;-00290;-02283;-03374;-00302;-02261
0000004804;-00005;-00014;-00286;-00003;-00015;-00284;-03399;-00253;-02212;-03376;-00297;-02257
0000004807;-00010;-00014;-00287;-00004;-00015;-00284;-03396;-00267;-02232;-03378;-00294;-02254
0000004809;-00007;-00012;-00281;-00004;-00015;-00284;-03387;-00266;-02245;-03379;-00292;-02253
0000004811;-00005;-00016;-00292;-00004;-00015;-00285;-03391;-00274;-02258;-03380;-00290;-02254
0000004814;-00002;-00015;-00286;-00004;-00015;-00285;-03394;-00256;-02214;-03381;-00287;-02250
0000004816;-00005;-00015;-00284;-00004;-00015;-00285;-03401;-00283;-02263;-03383;-00286;-02251
0000004819;-00002;-00012;-00284;-00004;-00014;-00284;-03371;-00320;-02290;-03382;-00289;-02255
0000004821;-00004;-00016;-00285;-00004;-00014;-00284;-03415;-00445;-02289;-03385;-00304;-02258
0000004823;-00008;-00017;-00277;-00004;-00015;-00284;-03535;-00403;-02206;-03399;-00313;-02253
0000004826;-00004;-00016;-00288;-00004;-00015;-00284;-03778;-00499;-02311;-03435;-00331;-02258
0000004828;00002;-00018;-00286;-00003;-00015;-00284;-03538;-00073;-02122;-03445;-00306;-02245
0000004831;-00005;-00016;-00290;-00003;-00015;-00285;-03077;-00103;-02327;-03410;-00287;-02253
0000004833;-00010;-00019;-00290;-00004;-00015;-00285;-02672;-00542;-02751;-03340;-00311;-02300
0000004836;-00009;-00027;-00295;-00004;-00016;-00286;-02590;-00898;-02652;-03268;-00367;-02334
0000004838;-00007;-00031;-00295;-00005;-00018;-00287;-02546;-01643;-02665;-03199;-00488;-02365
0000004840;-00002;-00034;-00291;-00004;-00019;-00287;-02278;-02271;-02690;-03112;-00658;-02396
0000004843;-00005;-00038;-00298;-00004;-00021;-00288;-02344;-02418;-02385;-03039;-00825;-02395
0000004845;-00006;-00040;-00301;-00004;-00023;-00289;-02162;-02617;-02491;-02955;-00996;-02404
0000004848;-00004;-00033;-00300;-00004;-00024;-00290;-01835;-02861;-02401;-02849;-01173;-02404
0000004850;-00001;-00034;-00299;-00004;-00025;-00291;-01549;-02881;-02488;-02725;-01335;-02412
0000004852;-00003;-00033;-00295;-00004;-00025;-00291;-02618;-02975;-02447;-02715;-01491;-02415
0000004855;-00002;-00033;-00299;-00004;-00026;-00292;-03157;-01713;-02079;-02757;-01512;-02383
0000004857;-00003;-00032;-00305;-00004;-00027;-00293;-02742;-01520;-02181;-02755;-01513;-02364
0000004860;-00005;-00032;-00292;-00004;-00027;-00293;-02201;-01763;-02585;-02703;-01537;-02385
0000004862;-00005;-00037;-00296;-00004;-00028;-00293;-02212;-02494;-02603;-02656;-01628;-02405
0000004864;-00003;-00036;-00302;-00004;-00029;-00294;-01736;-03320;-02257;-02568;-01789;-02391
0000004867;-00002;-00031;-00305;-00003;-00029;-00295;-01694;-03484;-02479;-02485;-01950;-02400
0000004869;-00001;-00033;-00305;-00003;-00029;-00296;-01840;-02373;-02424;-02424;-01990;-02402
0000004872;-00005;-00032;-00299;-00003;-00029;-00296;-02368;-01397;-02034;-02418;-01934;-02367
0000004874;-00006;-00029;-00296;-00003;-00029;-00296;-02656;-01145;-02589;-02441;-01859;-02388
0000004877;-00007;-00030;-00295;-00004;-00029;-00296;-02565;-01082;-02692;-02453;-01785;-02417
0000004879;-00004;-00029;-00296;-00004;-00029;-00296;-02375;-01168;-02880;-02445;-01726;-02461
0000004881;-00003;-00033;-00305;-00004;-00030;-00297;-01612;-02478;-03166;-02366;-01797;-02528
0000004884;00002;-00030;-00293;-00003;-00030;-00296;-01936;-03095;-02680;-02325;-01921;-02542
0000004886;-00002;-00033;-00307;-00003;-00030;-00297;-01643;-03150;-02122;-02260;-02038;-02502
0000004889;-00006;-00028;-00307;-00003;-00030;-00298;-02277;-02383;-02741;-02262;-02071;-02525
0000004891;-00007;-00029;-00301;-00003;-00030;-00298;-03083;-01162;-02107;-02340;-01984;-02485
0000004894;-00008;-00033;-00294;-00004;-00030;-00298;-03109;-00797;-02678;-02413;-01871;-02503
0000004896;-00006;-00031;-00301;-00004;-00030;-00298;-03060;-01007;-02782;-02474;-01789;-02530
0000004898;-00006;-00034;-00296;-00004;-00030;-00298;-02115;-02047;-02826;-02440;-01813;-02558
0000004901;-00003;-00032;-00298;-00004;-00030;-00298;-01910;-03225;-03185;-02390;-01948;-02618
0000004903;-00002;-00029;-00296;-00004;-00030;-00298;-01490;-02832;-02304;-02304;-02032;-02588
0000004906;-00003;-00028;-00294;-00004;-00030;-00297;-02465;-02765;-02476;-02319;-02101;-02577
0000004908;-00007;-00030;-00301;-00004;-00030;-00298;-02739;-02027;-02424;-02359;-02094;-02562
0000004910;-00002;-00029;-00295;-00004;-00030;-00297;-02698;-00796;-02265;-02391;-01971;-02534
0000004913;-00001;-00033;-00294;-00003;-00030;-00297;-03044;-01115;-02340;-02453;-01889;-02516
0000004915;-00006;-00033;-00295;-00004;-00030;-00297;-02739;-01830;-02593;-02480;-01884;-02523
0000004918;-00008;-00037;-00295;-00004;-00031;-00296;-02294;-02423;-02966;-02463;-01935;-02565
0000004920;-00002;-00031;-00296;-00004;-00031;-00296;-01583;-02938;-02958;-02379;-02030;-02602
0000004922;-00004;-00030;-00303;-00004;-00031;-00297;-01868;-02940;-03012;-02330;-02117;-02641
0000004925;-00008;-00030;-00297;-00004;-00031;-00297;-02622;-01916;-02568;-02358;-02098;-02634
0000004927;-00007;-00036;-00298;-00004;-00031;-00297;-02383;-01702;-02513;-02360;-02060;-02623
0000004930;-00008;-00036;-00302;-00005;-00031;-00297;-02749;-01460;-02115;-02397;-02003;-02574
0000004932;-00005;-00038;-00304;-00005;-00032;-00298;-02701;-02225;-02266;-02426;-02024;-02545
0000004935;-00002;-00033;-00297;-00004;-00032;-00298;-02524;-02704;-02174;-02435;-02089;-02510
0000004937;-00005;-00033;-00297;-00004;-00032;-00298;-01739;-02316;-01737;-02369;-02110;-02436
0000004939;-00004;-00029;-00305;-00004;-00032;-00298;-02205;-02435;-02376;-02353;-02141;-02430
0000004942;-00006;-00036;-00301;-00004;-00032;-00299;-01994;-01808;-02220;-02319;-02109;-02410
0000004944;00000;-00038;-00294;-00004;-00033;-00298;-02459;-01691;-02243;-02332;-02069;-02394
0000004947;-00008;-00037;-00298;-00004;-00033;-00298;-02648;-02881;-02353;-02362;-02147;-02390
0000004949;-00004;-00037;-00303;-00004;-00033;-00298;-02405;-02511;-01785;-02366;-02181;-02333
0000004951;-00004;-00039;-00305;-00004;-00034;-00299;-01971;-02736;-02249;-02329;-02234;-02325
0000004954;-00005;-00038;-00307;-00004;-00034;-00300;-01962;-02318;-02151;-02294;-02242;-02308
0000004956;-00007;-00035;-00301;-00004;-00034;-00300;-02798;-02129;-02344;-02342;-02231;-02311
0000004959;-00008;-00037;-00307;-00005;-00034;-00300;-02924;-01882;-02043;-02397;-02198;-02286
0000004961;-00013;-00036;-00303;-00005;-00035;-00301;-02639;-02265;-02079;-02420;-02204;-02266
0000004964;-00012;-00037;-00308;-00006;-00035;-00301;-01874;-02721;-02275;-02368;-02253;-02267
0000004966;-00009;-00042;-00310;-00006;-00035;-00302;-01507;-03297;-02955;-02286;-02353;-02332
0000004968;-00009;-00040;-00308;-00006;-00036;-00303;-01785;-02722;-02758;-02238;-02388;-02373
0000004971;-00007;-00040;-00307;-00006;-00036;-00303;-02163;-02051;-02478;-02231;-02356;-02383
0000004973;-00007;-00039;-00305;-00006;-00036;-00303;-02627;-01694;-02163;-02269;-02293;-02362
0000004976;-00006;-00040;-00302;-00006;-00037;-00303;-02453;-01987;-02140;-02286;-02263;-02341
0000004978;-00004;-00045;-00301;-00006;-00037;-00303;-02400;-02523;-02405;-02297;-02288;-02347
0000004981;-00001;-00042;-00301;-00006;-00038;-00303;-01996;-02954;-02429;-02268;-02351;-02355
0000004983;-00004;-00036;-00302;-00005;-00038;-00302;-02048;-03216;-02685;-02247;-02434;-02386
0000004985;-00007;-00037;-00305;-00005;-00037;-00303;-01495;-02607;-02262;-02176;-02450;-02374
0000004988;-00006;-00034;-00308;-00005;-00037;-00303;-02146;-02305;-02299;-02173;-02436;-02367
0000004990;-00009;-00039;-00304;-00006;-00037;-00303;-02333;-01825;-02087;-02188;-02378;-02340
0000004993;-00006;-00034;-00304;-00006;-00037;-00303;-02546;-01711;-02142;-02222;-02315;-02321
0000004995;-00006;-00032;-00303;-00006;-00036;-00303;-03121;-02141;-02666;-02308;-02298;-02354
0000004997;-00011;-00042;-00301;-00006;-00037;-00303;-02884;-02473;-02646;-02362;-02315;-02382
0000005000;-00009;-00035;-00298;-00006;-00037;-00302;-02299;-01901;-02749;-02356;-02275;-02417
0000005002;-00008;-00037;-00301;-00006;-00037;-00302;-01817;-02162;-02450;-02305;-02264;-02420
0000005005;-00006;-00038;-00304;-00006;-00037;-00302;-01702;-03093;-02243;-02247;-02343;-02403
0000005007;-00008;-00043;-00297;-00007;-00037;-00302;-01662;-02879;-02291;-02192;-02394;-02392
0000005010;-00001;-00045;-00300;-00006;-00038;-00302;-01723;-02511;-02270;-02147;-02405;-02381
0000005012;-00005;-00042;-00302;-00006;-00038;-00302;-02901;-02218;-01990;-02219;-02387;-02343
0000005014;-00005;-00041;-00296;-00006;-00038;-00301;-03059;-02177;-02070;-02299;-02367;-02317
0000005017;-00009;-00042;-00294;-00006;-00039;-00300;-02784;-02343;-02108;-02345;-02365;-02297
0000005019;-00012;-00041;-00297;-00006;-00039;-00300;-03127;-02438;-02170;-02419;-02372;-02285
0000005022;-00004;-00042;-00300;-00006;-00039;-00300;-02138;-02685;-02178;-02392;-02402;-02275
0000005024;-00001;-00037;-00298;-00006;-00039;-00300;-02277;-02278;-02139;-02381;-02390;-02262
0000005026;-00006;-00036;-00307;-00006;-00039;-00300;-02454;-02109;-01816;-02388;-02363;-02219
0000005029;-00004;-00039;-00309;-00005;-00039;-00301;-02195;-02729;-02323;-02370;-02398;-02229
0000005031;-00008;-00040;-00303;-00006;-00039;-00301;-01782;-02901;-02315;-02314;-02446;-02237
0000005034;-00007;-00044;-00304;-00006;-00039;-00301;-01377;-02571;-02140;-02225;-02457;-02228
0000005036;-00004;-00043;-00308;-00006;-00039;-00302;-01907;-03060;-02389;-02194;-02515;-02243
0000005039;-00007;-00039;-00304;-00006;-00039;-00302;-02386;-02736;-02698;-02213;-02536;-02287
0000005041;-00004;-00036;-00310;-00005;-00039;-00303;-02767;-02120;-02227;-02265;-02496;-02281
0000005043;-00007;-00038;-00302;-00006;-00039;-00303;-02618;-01943;-02368;-02299;-02443;-02289
0000005046;-00004;-00039;-00308;-00005;-00039;-00303;-02348;-02368;-02126;-02303;-02436;-02274
0000005048;-00008;-00041;-00306;-00006;-00039;-00303;-02333;-03117;-02317;-02306;-02501;-02278
0000005051;-00002;-00033;-00306;-00005;-00038;-00304;-01809;-02963;-02210;-02259;-02545;-02271
0000005053;-00003;-00043;-00306;-00005;-00039;-00304;-02109;-02635;-02409;-02245;-02553;-02284
0000005055;-00005;-00044;-00301;-00005;-00039;-00303;-02869;-02641;-02783;-02304;-02562;-02332
0000005058;-00008;-00042;-00305;-00005;-00039;-00304;-02776;-01994;-02247;-02349;-02508;-02324
0000005060;-00006;-00043;-00306;-00005;-00040;-00304;-02603;-02609;-02286;-02373;-02517;-02320
0000005063;-00007;-00039;-00305;-00005;-00040;-00304;-02213;-02677;-02186;-02358;-02532;-02307
0000005065;-00012;-00042;-00301;-00006;-00040;-00304;-01912;-02640;-02426;-02315;-02543;-02318
0000005068;-00009;-00045;-00306;-00006;-00040;-00304;-01949;-02597;-02280;-02280;-02548;-02315
0000005070;-00007;-00042;-00300;-00006;-00040;-00303;-02202;-02389;-02287;-02273;-02533;-02312
0000005072;-00011;-00044;-00311;-00007;-00041;-00304;-02210;-02497;-02423;-02267;-02529;-02323
0000005075;-00011;-00040;-00313;-00007;-00041;-00305;-02280;-02118;-02055;-02268;-02490;-02297
0000005077;-00013;-00043;-00303;-00007;-00041;-00305;-02793;-02248;-02159;-02318;-02467;-02284
0000005080;-00003;-00044;-00307;-00007;-00041;-00305;-02426;-02040;-02102;-02328;-02426;-02266
0000005082;-00010;-00039;-00306;-00007;-00041;-00305;-02544;-02152;-02196;-02349;-02400;-02260
0000005084;-00008;-00046;-00301;-00007;-00041;-00304;-02672;-02420;-02135;-02379;-02402;-02248
0000005087;-00011;-00046;-00298;-00008;-00042;-00304;-02616;-02770;-02200;-02402;-02437;-02243
0000005089;-00009;-00040;-00309;-00008;-00041;-00304;-01872;-03354;-02250;-02351;-02524;-02244
0000005092;-00008;-00040;-00313;-00008;-00041;-00305;-01423;-03333;-02246;-02263;-02601;-02244
0000005094;-00010;-00040;-00311;-00008;-00041;-00306;-01965;-02971;-01962;-02235;-02636;-02217
0000005097;-00013;-00052;-00304;-00008;-00042;-00305;-02273;-02473;-02319;-02238;-02621;-02227
0000005099;-00010;-00043;-00306;-00008;-00042;-00305;-02354;-01826;-01990;-02249;-02545;-02204
0000005101;-00009;-00046;-00307;-00008;-00042;-00305;-02739;-01875;-01995;-02296;-02481;-02184
0000005104;-00010;-00044;-00311;-00008;-00043;-00306;-02824;-02612;-02072;-02346;-02494;-02174
0000005106;-00006;-00050;-00307;-00008;-00043;-00306;-01869;-03144;-02174;-02301;-02555;-02174
0000005109;-00008;-00046;-00311;-00008;-00043;-00306;-01522;-03367;-02196;-02226;-02633;-02176
0000005111;-00012;-00046;-00304;-00008;-00044;-00306;-01532;-03477;-02141;-02160;-02713;-02172
0000005114;-00008;-00045;-00304;-00008;-00044;-00306;-02125;-02942;-02025;-02157;-02735;-02158
0000005116;-00012;-00045;-00310;-00009;-00044;-00306;-02319;-02114;-02233;-02172;-02676;-02165
0000005118;-00012;-00046;-00311;-00009;-00044;-00307;-02370;-01830;-01969;-02191;-02595;-02147
0000005121;-00011;-00047;-00306;-00009;-00044;-00307;-02717;-02318;-02055;-02241;-02569;-02138
0000005123;-00005;-00050;-00305;-00009;-00045;-00306;-02125;-02860;-01942;-02230;-02596;-02119
0000005126;-00011;-00044;-00306;-00009;-00045;-00306;-01771;-03198;-02093;-02186;-02653;-02117
0000005128;-00012;-00043;-00308;-00009;-00044;-00306;-01815;-02996;-02212;-02151;-02686;-02126
0000005130;-00011;-00048;-00297;-00009;-00045;-00305;-01944;-02485;-01883;-02131;-02667;-02102
0000005133;-00013;-00044;-00307;-00010;-00045;-00306;-02173;-02253;-01932;-02135;-02627;-02086
0000005135;-00012;-00043;-00306;-00010;-00044;-00306;-02723;-02344;-02486;-02191;-02600;-02124
0000005138;-00006;-00046;-00303;-00009;-00044;-00305;-02403;-02554;-02239;-02211;-02596;-02135
0000005140;-00007;-00047;-00305;-00009;-00045;-00305;-02361;-02838;-02080;-02225;-02619;-02130
0000005143;-00007;-00047;-00308;-00009;-00045;-00305;-02115;-03120;-01889;-02215;-02667;-02107
0000005145;-00012;-00047;-00309;-00009;-00045;-00306;-02075;-03239;-02157;-02201;-02721;-02112
0000005147;-00011;-00048;-00310;-00009;-00045;-00306;-01904;-03117;-02151;-02173;-02759;-02115
0000005150;-00014;-00048;-00305;-00010;-00045;-00306;-01957;-02901;-02156;-02152;-02772;-02119
0000005152;-00009;-00045;-00311;-00010;-00045;-00306;-02082;-02201;-02034;-02146;-02718;-02111
0000005155;-00009;-00045;-00305;-00009;-00045;-00306;-02570;-01801;-01930;-02186;-02630;-02094
0000005157;-00006;-00044;-00304;-00009;-00045;-00306;-02755;-02361;-02082;-02240;-02605;-02093
0000005159;-00011;-00045;-00302;-00009;-00045;-00305;-02545;-02825;-02086;-02269;-02626;-02092
0000005162;-00018;-00047;-00305;-00010;-00045;-00305;-02277;-02936;-02008;-02270;-02655;-02084
0000005164;-00014;-00051;-00306;-00010;-00046;-00305;-01813;-02951;-02172;-02226;-02683;-02092
0000005167;-00010;-00045;-00308;-00010;-00046;-00306;-02057;-02831;-02178;-02210;-02697;-02100
0000005169;-00010;-00045;-00310;-00010;-00045;-00306;-02355;-02685;-02108;-02224;-02696;-02101
0000005171;-00009;-00038;-00311;-00010;-00045;-00306;-02555;-02503;-02040;-02255;-02678;-02095
0000005174;-00007;-00043;-00305;-00010;-00045;-00306;-02309;-02367;-01951;-02260;-02648;-02081
0000005176;-00014;-00046;-00309;-00010;-00045;-00306;-02023;-02749;-02253;-02238;-02658;-02098
0000005179;-00012;-00042;-00307;-00010;-00044;-00306;-01665;-02932;-02042;-02183;-02684;-02092
0000005181;-00013;-00047;-00306;-00010;-00045;-00306;-01933;-02834;-01858;-02159;-02698;-02070
0000005184;-00015;-00044;-00297;-00011;-00044;-00305;-02651;-02578;-02041;-02206;-02686;-02067
0000005186;-00016;-00047;-00307;-00011;-00045;-00306;-02325;-02358;-01744;-02217;-02655;-02036
0000005188;-00014;-00048;-00303;-00011;-00045;-00305;-02533;-02535;-02185;-02247;-02644;-02050
0000005191;-00014;-00046;-00301;-00012;-00045;-00305;-02278;-02743;-02341;-02250;-02653;-02078
0000005193;-00017;-00044;-00304;-00012;-00045;-00305;-01950;-02788;-01893;-02222;-02666;-02060
0000005196;-00015;-00036;-00309;-00012;-00044;-00305;-01697;-02522;-02137;-02172;-02652;-02068
0000005198;-00017;-00037;-00307;-00013;-00043;-00305;-02419;-02327;-02295;-02195;-02621;-02089
0000005200;-00016;-00037;-00309;-00013;-00043;-00305;-02318;-02219;-02280;-02207;-02583;-02107
0000005203;-00017;-00040;-00307;-00013;-00042;-00306;-02689;-01792;-02137;-02253;-02508;-02110
0000005205;-00012;-00043;-00303;-00013;-00042;-00305;-02505;-02058;-02111;-02277;-02465;-02110
0000005208;-00011;-00044;-00305;-00013;-00042;-00305;-03724;-02267;-02580;-02414;-02446;-02155
0000005210;-00014;-00040;-00307;-00013;-00042;-00305;-02809;-02575;-02501;-02452;-02458;-02188
0000005213;-00009;-00042;-00304;-00013;-00042;-00305;-02125;-02492;-02371;-02421;-02461;-02205
0000005215;-00017;-00038;-00304;-00013;-00042;-00305;-02185;-02288;-02347;-02398;-02445;-02219
0000005217;-00014;-00037;-00307;-00013;-00041;-00305;-02339;-01979;-02079;-02392;-02400;-02205
0000005220;-00014;-00040;-00314;-00013;-00041;-00306;-02980;-01867;-02222;-02448;-02350;-02207
0000005222;-00017;-00042;-00302;-00013;-00041;-00306;-02963;-02111;-02274;-02497;-02327;-02213
0000005225;-00019;-00041;-00307;-00014;-00041;-00306;-02048;-02508;-02401;-02454;-02344;-02231
0000005227;-00020;-00040;-00305;-00014;-00041;-00306;-02042;-02691;-02381;-02415;-02377;-02245
0000005229;-00013;-00041;-00304;-00014;-00041;-00305;-02561;-02821;-02772;-02429;-02419;-02295
0000005232;-00012;-00038;-00305;-00014;-00041;-00305;-02730;-02135;-02380;-02458;-02392;-02303
0000005234;-00016;-00042;-00314;-00014;-00041;-00306;-02634;-01759;-02196;-02474;-02332;-02293
0000005237;-00015;-00041;-00309;-00014;-00041;-00306;-02474;-02224;-02219;-02474;-02322;-02286
0000005239;-00016;-00046;-00305;-00014;-00041;-00306;-02304;-02701;-02483;-02458;-02358;-02305
0000005242;-00017;-00039;-00306;-00014;-00041;-00306;-02341;-02550;-02307;-02447;-02376;-02305
0000005244;-00016;-00043;-00308;-00015;-00041;-00306;-02239;-02107;-02100;-02427;-02350;-02285
0000005246;-00013;-00044;-00299;-00014;-00041;-00305;-02528;-02314;-02255;-02437;-02347;-02282
0000005249;-00018;-00048;-00310;-00015;-00042;-00306;-02538;-02484;-02208;-02446;-02360;-02275
0000005251;-00021;-00044;-00306;-00015;-00042;-00306;-02164;-02623;-01988;-02419;-02385;-02248
0000005254;-00022;-00045;-00314;-00016;-00042;-00307;-01847;-03043;-02091;-02365;-02447;-02233
0000005256;-00023;-00043;-00312;-00016;-00042;-00307;-01625;-03139;-02230;-02294;-02513;-02233
0000005258;-00021;-00047;-00316;-00017;-00043;-00308;-02400;-02762;-02401;-02304;-02537;-02249
0000005261;-00018;-00046;-00312;-00017;-00043;-00308;-02730;-02377;-02671;-02345;-02521;-02289
0000005263;-00016;-00042;-00310;-00017;-00043;-00308;-02543;-02329;-02453;-02364;-02503;-02304
0000005266;-00018;-00040;-00307;-00017;-00042;-00308;-02137;-02938;-02345;-02342;-02544;-02308
0000005268;-00016;-00043;-00310;-00017;-00042;-00308;-02001;-03340;-02363;-02310;-02620;-02313
0000005271;-00014;-00037;-00308;-00016;-00042;-00308;-01810;-02724;-02615;-02262;-02630;-02342
0000005273;-00017;-00034;-00302;-00016;-00041;-00308;-01598;-01702;-02645;-02199;-02542;-02371
0000005275;-00016;-00035;-00306;-00016;-00040;-00307;-01812;-01446;-02640;-02162;-02437;-02396
0000005278;-00012;-00028;-00298;-00016;-00039;-00306;-02354;-01567;-02933;-02180;-02354;-02447
0000005280;-00006;-00022;-00301;-00015;-00038;-00306;-02777;-01310;-02314;-02237;-02255;-02435
0000005283;-00008;-00023;-00301;-00014;-00036;-00305;-03298;-01861;-02469;-02338;-02218;-02438
0000005285;-00010;-00022;-00297;-00014;-00035;-00305;-02876;-01639;-02763;-02389;-02162;-02469
0000005287;-00008;-00020;-00289;-00013;-00033;-00303;-03315;-01470;-02092;-02477;-02097;-02433
0000005290;-00011;-00023;-00291;-00013;-00032;-00302;-03002;-01216;-02055;-02527;-02013;-02397
0000005292;-00012;-00020;-00291;-00013;-00031;-00301;-03178;-01444;-02375;-02589;-01959;-02395
0000005295;-00007;-00019;-00289;-00012;-00030;-00300;-03170;-01402;-02105;-02644;-01906;-02367
0000005297;-00013;-00018;-00285;-00012;-00029;-00298;-03085;-01553;-02250;-02686;-01872;-02356
0000005300;-00017;-00019;-00290;-00013;-00028;-00297;-02845;-01348;-02384;-02701;-01822;-02359
0000005302;-00015;-00022;-00285;-00013;-00027;-00296;-02673;-01768;-02929;-02698;-01817;-02413
0000005304;-00011;-00023;-00292;-00013;-00027;-00296;-02610;-01458;-02629;-02690;-01783;-02433
0000005307;-00013;-00022;-00289;-00013;-00026;-00295;-03184;-01542;-02689;-02737;-01760;-02458
0000005309;-00016;-00027;-00289;-00013;-00026;-00294;-02832;-01535;-02529;-02746;-01738;-02464
0000005312;-00014;-00029;-00292;-00013;-00026;-00294;-02553;-02191;-03142;-02727;-01781;-02529
0000005314;-00011;-00024;-00297;-00013;-00026;-00294;-02218;-02139;-02587;-02679;-01815;-02534
0000005317;-00019;-00022;-00297;-00013;-00026;-00295;-02572;-02252;-02567;-02669;-01857;-02537
0000005319;-00013;-00025;-00296;-00013;-00026;-00295;-02800;-01741;-02356;-02681;-01846;-02520
0000005321;-00012;-00024;-00287;-00013;-00025;-00294;-02923;-01363;-02271;-02704;-01800;-02496
0000005324;-00011;-00022;-00298;-00013;-00025;-00294;-02965;-01011;-02394;-02729;-01725;-02486
0000005326;-00009;-00021;-00290;-00012;-00025;-00294;-02785;-01352;-02551;-02734;-01689;-02493
0000005329;-00013;-00025;-00293;-00012;-00025;-00294;-02797;-01951;-02511;-02740;-01714;-02494
0000005331;-00013;-00022;-00297;-00012;-00024;-00294;-02231;-02414;-02569;-02692;-01781;-02501
0000005333;-00010;-00022;-00291;-00012;-00024;-00294;-02371;-02240;-02636;-02661;-01824;-02514
0000005336;-00013;-00026;-00290;-00012;-00024;-00293;-02857;-01876;-02634;-02680;-01829;-02525
0000005338;-00013;-00022;-00291;-00012;-00024;-00293;-02566;-01073;-02225;-02669;-01757;-02497
0000005341;-00010;-00026;-00288;-00012;-00024;-00292;-02676;-01712;-02560;-02669;-01753;-02503
0000005343;-00008;-00024;-00293;-00012;-00024;-00292;-02723;-02163;-02415;-02674;-01792;-02494
0000005345;-00011;-00023;-00291;-00011;-00024;-00292;-02297;-02309;-02327;-02639;-01841;-02478
0000005348;-00013;-00022;-00292;-00012;-00024;-00292;-02407;-01826;-02373;-02616;-01839;-02468
0000005350;-00006;-00026;-00296;-00011;-00024;-00292;-02400;-01312;-02202;-02596;-01789;-02443
0000005353;-00008;-00021;-00288;-00011;-00024;-00292;-02665;-01411;-02471;-02602;-01753;-02446
0000005355;-00013;-00026;-00293;-00011;-00024;-00292;-02857;-02054;-02511;-02627;-01782;-02452
0000005358;-00009;-00027;-00295;-00011;-00024;-00292;-02534;-02093;-02485;-02618;-01811;-02455
0000005360;-00009;-00020;-00292;-00010;-00024;-00292;-02294;-01707;-02508;-02587;-01801;-02460
0000005362;-00010;-00023;-00291;-00010;-00023;-00292;-03134;-01864;-02385;-02639;-01807;-02453
0000005365;-00010;-00020;-00288;-00010;-00023;-00292;-02654;-01765;-02504;-02640;-01803;-02458
0000005367;-00009;-00024;-00296;-00010;-00023;-00292;-02883;-01853;-02483;-02663;-01808;-02460
0000005370;-00008;-00027;-00288;-00010;-00023;-00292;-02534;-01995;-02606;-02651;-01826;-02474
0000005372;-00015;-00027;-00295;-00010;-00024;-00292;-02469;-02023;-02530;-02634;-01844;-02479
0000005374;-00011;-00031;-00288;-00010;-00024;-00291;-02885;-01863;-02434;-02657;-01846;-02475
0000005377;-00010;-00026;-00286;-00010;-00024;-00291;-02878;-01898;-02466;-02678;-01851;-02474
0000005379;-00009;-00025;-00294;-00010;-00024;-00291;-02593;-01847;-02517;-02670;-01851;-02478
0000005382;-00010;-00027;-00296;-00010;-00025;-00292;-02845;-01929;-02542;-02687;-01858;-02484
0000005384;-00009;-00023;-00299;-00010;-00024;-00292;-02342;-01785;-02205;-02654;-01851;-02457
0000005387;-00007;-00024;-00295;-00010;-00024;-00292;-02740;-01370;-02162;-02662;-01805;-02429
0000005389;-00011;-00025;-00290;-00010;-00024;-00292;-02373;-02108;-02469;-02635;-01834;-02433
0000005391;-00004;-00025;-00290;-00009;-00024;-00292;-02131;-02434;-02718;-02587;-01891;-02460
0000005394;-00011;-00026;-00292;-00009;-00024;-00292;-02730;-02053;-02530;-02600;-01906;-02467
0000005396;-00007;-00024;-00297;-00009;-00024;-00292;-02470;-01458;-02446;-02588;-01864;-02465
0000005399;-00007;-00024;-00294;-00009;-00024;-00292;-02552;-01006;-02486;-02584;-01782;-02467
0000005401;-00008;-00019;-00295;-00009;-00024;-00293;-03387;-01745;-02557;-02661;-01778;-02475
0000005403;-00010;-00021;-00288;-00009;-00023;-00292;-02855;-01700;-02368;-02679;-01771;-02465
0000005406;-00012;-00022;-00292;-00009;-00023;-00292;-02407;-01965;-02481;-02653;-01789;-02466
0000005408;-00010;-00023;-00292;-00009;-00023;-00292;-02196;-02346;-02690;-02610;-01842;-02488
0000005413;-00012;-00025;-00291;-00009;-00023;-00292;-02818;-01637;-02348;-02629;-01823;-02474
0000005416;-00010;-00025;-00294;-00009;-00023;-00292;-02870;-01609;-02370;-02652;-01802;-02464
0000005418;-00004;-00028;-00293;-00009;-00024;-00292;-02691;-01932;-02372;-02656;-01815;-02455
0000005420;-00007;-00025;-00293;-00008;-00024;-00292;-02470;-02006;-02460;-02638;-01833;-02456
0000005423;-00006;-00027;-00287;-00008;-00024;-00292;-02196;-02420;-02664;-02596;-01889;-02476
0000005425;-00009;-00027;-00296;-00008;-00024;-00292;-02100;-02526;-02425;-02549;-01949;-02471
0000005428;-00006;-00025;-00298;-00008;-00024;-00292;-02690;-02354;-02187;-02562;-01988;-02444
0000005430;-00010;-00027;-00302;-00008;-00025;-00293;-03072;-01467;-02121;-02611;-01938;-02413
0000005432;-00010;-00023;-00293;-00008;-00024;-00293;-03210;-01350;-02528;-02668;-01882;-02424
0000005435;-00013;-00021;-00289;-00009;-00024;-00293;-03032;-01724;-02487;-02702;-01867;-02430
0000005437;-00013;-00028;-00293;-00009;-00024;-00293;-02321;-02400;-02448;-02666;-01918;-02432
0000005440;-00011;-00025;-00293;-00009;-00024;-00293;-02056;-02617;-02293;-02608;-01984;-02418
0000005442;-00005;-00023;-00286;-00009;-00024;-00292;-02446;-02359;-02351;-02592;-02020;-02412
0000005445;-00011;-00028;-00291;-00009;-00024;-00292;-02859;-01748;-02287;-02618;-01994;-02400
0000005447;-00010;-00028;-00293;-00009;-00025;-00292;-02945;-01562;-02332;-02649;-01953;-02393
0000005449;-00011;-00032;-00294;-00009;-00025;-00292;-02983;-01978;-02176;-02681;-01955;-02373
0000005452;-00011;-00029;-00298;-00009;-00026;-00293;-02000;-02752;-02423;-02616;-02031;-02377
0000005454;-00008;-00032;-00298;-00009;-00026;-00293;-02085;-02672;-02325;-02565;-02092;-02372
0000005457;-00007;-00032;-00296;-00009;-00027;-00293;-02841;-02249;-02293;-02591;-02107;-02365
0000005459;-00006;-00031;-00298;-00009;-00027;-00294;-02705;-01759;-02251;-02602;-02074;-02354
0000005461;-00008;-00031;-00294;-00008;-00027;-00294;-02781;-01904;-02297;-02619;-02057;-02348
0000005464;-00006;-00034;-00293;-00008;-00028;-00294;-02447;-02375;-02281;-02603;-02088;-02342
0000005466;-00008;-00035;-00293;-00008;-00029;-00293;-02152;-02559;-02398;-02560;-02132;-02347
0000005469;-00007;-00032;-00300;-00008;-00029;-00294;-02177;-02367;-02344;-02523;-02155;-02347
0000005471;-00010;-00028;-00306;-00008;-00029;-00295;-02470;-02467;-02357;-02518;-02184;-02348
0000005474;-00011;-00031;-00302;-00008;-00029;-00296;-02644;-02426;-01971;-02530;-02207;-02312
0000005476;-00005;-00028;-00298;-00008;-00029;-00296;-02567;-02183;-02035;-02534;-02205;-02286
0000005478;-00009;-00034;-00295;-00008;-00029;-00296;-02540;-01981;-02129;-02534;-02184;-02271
0000005481;-00010;-00031;-00291;-00008;-00029;-00295;-02650;-02281;-02341;-02545;-02193;-02277
0000005483;-00009;-00028;-00301;-00008;-00029;-00296;-02583;-02026;-02615;-02549;-02177;-02309
0000005486;-00008;-00027;-00303;-00008;-00029;-00296;-01861;-01774;-02801;-02483;-02138;-02356
0000005488;-00010;-00030;-00294;-00008;-00029;-00296;-02052;-02116;-02877;-02442;-02136;-02406
0000005491;-00007;-00025;-00297;-00008;-00029;-00296;-02305;-01976;-02783;-02429;-02121;-02441
0000005493;-00004;-00025;-00309;-00008;-00028;-00297;-02290;-01600;-02412;-02416;-02071;-02439
0000005495;-00009;-00029;-00300;-00008;-00028;-00298;-03229;-01605;-02529;-02493;-02027;-02447
0000005498;-00014;-00028;-00302;-00008;-00028;-00298;-02523;-01174;-02388;-02496;-01946;-02441
0000005500;-00016;-00031;-00298;-00009;-00028;-00298;-02388;-01697;-02612;-02486;-01922;-02458
0000005503;-00013;-00032;-00296;-00009;-00029;-00298;-02117;-02371;-02898;-02450;-01965;-02499
0000005505;-00012;-00028;-00300;-00010;-00029;-00298;-02085;-02395;-02759;-02416;-02006;-02524
0000005507;-00011;-00029;-00297;-00010;-00029;-00298;-02409;-02106;-02618;-02415;-02015;-02533
0000005510;-00009;-00027;-00296;-00009;-00028;-00297;-02524;-02095;-02764;-02425;-02023;-02555
0000005512;-00010;-00030;-00294;-00009;-00028;-00297;-03002;-02152;-03158;-02480;-02035;-02612
0000005515;-00011;-00032;-00292;-00010;-00029;-00297;-02229;-01317;-02352;-02456;-01967;-02587
0000005517;-00010;-00031;-00298;-00010;-00029;-00297;-02409;-01740;-02489;-02452;-01945;-02578
0000005520;-00010;-00033;-00297;-00010;-00029;-00297;-02557;-02133;-02450;-02462;-01963;-02566
0000005522;-00009;-00028;-00291;-00009;-00029;-00296;-02570;-01894;-02512;-02472;-01956;-02561
0000005524;-00014;-00035;-00294;-00010;-00030;-00296;-02718;-01835;-02596;-02495;-01945;-02564
0000005527;-00011;-00029;-00298;-00010;-00029;-00296;-02781;-01749;-02323;-02522;-01926;-02541
0000005529;-00011;-00032;-00302;-00010;-00030;-00297;-02381;-02208;-02577;-02509;-01953;-02544
0000005532;-00005;-00029;-00308;-00009;-00030;-00298;-02133;-02225;-02662;-02473;-01979;-02556
0000005534;-00009;-00032;-00308;-00009;-00030;-00298;-02326;-02265;-02660;-02459;-02006;-02565
0000005536;-00007;-00034;-00302;-00009;-00030;-00299;-02233;-02431;-02660;-02437;-02046;-02574
0000005539;-00013;-00036;-00295;-00009;-00031;-00298;-02086;-01874;-02518;-02404;-02030;-02569
0000005541;-00013;-00031;-00310;-00010;-00031;-00299;-02640;-01882;-02503;-02426;-02016;-02563
0000005544;-00011;-00035;-00301;-00010;-00031;-00300;-02703;-01725;-02656;-02453;-01988;-02571
0000005546;-00016;-00031;-00300;-00010;-00031;-00300;-02528;-01797;-02613;-02460;-01970;-02575
0000005549;-00013;-00029;-00297;-00011;-00031;-00299;-02563;-02125;-02486;-02470;-01984;-02567
0000005551;-00011;-00027;-00297;-00011;-00030;-00299;-02715;-02230;-02531;-02493;-02008;-02563
0000005553;-00007;-00029;-00300;-00010;-00030;-00299;-02658;-01981;-02438;-02509;-02005;-02551
0000005556;-00016;-00031;-00299;-00011;-00030;-00299;-02519;-01846;-02550;-02509;-01990;-02551
0000005558;-00010;-00032;-00306;-00011;-00030;-00300;-02386;-01623;-02663;-02498;-01955;-02562
0000005561;-00011;-00026;-00304;-00011;-00030;-00300;-02452;-01533;-02783;-02493;-01915;-02583
0000005563;-00011;-00028;-00302;-00011;-00030;-00300;-02299;-01583;-02809;-02475;-01883;-02604
0000005565;-00009;-00033;-00304;-00010;-00030;-00300;-02179;-01751;-02906;-02447;-01871;-02633
0000005568;-00010;-00032;-00306;-00010;-00030;-00301;-02241;-01891;-02854;-02427;-01873;-02654
0000005570;-00013;-00030;-00303;-00010;-00030;-00301;-02240;-01906;-02764;-02409;-01876;-02664
0000005573;-00008;-00027;-00299;-00010;-00030;-00301;-02214;-01911;-02807;-02391;-01879;-02678
0000005575;-00013;-00030;-00301;-00010;-00030;-00301;-02358;-01850;-02809;-02387;-01876;-02690
0000005578;-00013;-00030;-00309;-00011;-00030;-00302;-02447;-01781;-02756;-02393;-01867;-02696
0000005580;-00007;-00028;-00307;-00010;-00029;-00302;-02495;-01768;-02801;-02403;-01858;-02706
0000005582;-00012;-00028;-00304;-00010;-00029;-00302;-02544;-01632;-02738;-02416;-01836;-02709
