0000091055;-00004;-00068;-00323;-00006;-00066;-00317;-03238;-00644;-02406;-03254;-00638;-02361
0000091076;-00004;-00068;-00318;-00004;-00066;-00317;-03221;-00654;-02386;-03236;-00657;-02375
0000091081;-00009;-00071;-00321;-00004;-00067;-00318;-03222;-00672;-02388;-03234;-00660;-02377
0000091086;-00002;-00069;-00318;-00004;-00067;-00317;-03219;-00678;-02400;-03232;-00663;-02380
0000091127;-00012;-00072;-00312;-00006;-00070;-00316;-03291;-00666;-02295;-03281;-00673;-02311
0000091141;-00005;-00069;-00318;-00007;-00069;-00315;-03327;-00641;-02274;-03297;-00669;-02288
0000091149;-00009;-00071;-00317;-00007;-00069;-00315;-03288;-00633;-02274;-03296;-00664;-02284
0000091153;-00009;-00071;-00315;-00007;-00069;-00315;-03326;-00686;-02300;-03300;-00664;-02284
0000091221;-00009;-00071;-00310;-00006;-00070;-00317;-03302;-00712;-02276;-03298;-00686;-02283
0000091269;-00008;-00065;-00317;-00006;-00069;-00316;-03297;-00697;-02290;-03294;-00685;-02282
0000091274;-00011;-00067;-00320;-00006;-00068;-00317;-03297;-00679;-02269;-03294;-00686;-02280
0000091279;-00007;-00068;-00319;-00007;-00068;-00317;-03281;-00681;-02300;-03294;-00686;-02282
0000091291;-00004;-00079;-00315;-00006;-00070;-00316;-03305;-00682;-02260;-03296;-00687;-02279
0000091295;-00010;-00075;-00316;-00007;-00071;-00316;-03296;-00687;-02265;-03297;-00687;-02278
0000091300;-00002;-00070;-00319;-00006;-00071;-00317;-03288;-00685;-02263;-03296;-00686;-02279
0000091310;-00008;-00076;-00313;-00006;-00072;-00315;-03311;-00674;-02257;-03298;-00683;-02277
0000091334;-00010;-00069;-00318;-00006;-00070;-00316;-03302;-00686;-02279;-03297;-00680;-02281
0000091344;-00009;-00072;-00316;-00006;-00070;-00316;-03309;-00689;-02276;-03298;-00681;-02284
0000091361;-00002;-00072;-00314;-00005;-00070;-00316;-03305;-00678;-02273;-03300;-00679;-02284
0000091382;-00006;-00075;-00318;-00006;-00071;-00315;-03289;-00694;-02271;-03298;-00682;-02283
0000091402;-00007;-00073;-00321;-00006;-00072;-00317;-03299;-00695;-02291;-03299;-00682;-02290
0000091409;-00007;-00070;-00319;-00006;-00071;-00317;-03296;-00689;-02261;-03297;-00685;-02283
0000091440;-00002;-00070;-00318;-00006;-00070;-00316;-03301;-00707;-02269;-03296;-00695;-02277
0000091450;-00004;-00068;-00323;-00006;-00070;-00316;-03287;-00685;-02287;-03293;-00694;-02279
0000091459;-00007;-00070;-00319;-00006;-00069;-00316;-03285;-00701;-02284;-03294;-00697;-02282
0000091481;-00005;-00070;-00320;-00007;-00070;-00315;-03296;-00669;-02290;-03294;-00695;-02281
0000091491;-00008;-00070;-00316;-00006;-00070;-00316;-03296;-00701;-02277;-03295;-00691;-02283
0000091498;-00007;-00072;-00315;-00007;-00070;-00315;-03300;-00703;-02301;-03295;-00691;-02285
0000091520;-00008;-00072;-00319;-00007;-00070;-00315;-03302;-00705;-02282;-03297;-00689;-02284
0000091585;-00007;-00074;-00313;-00006;-00070;-00315;-03277;-00640;-02265;-03297;-00670;-02282
0000091599;-00005;-00071;-00308;-00006;-00070;-00313;-03308;-00640;-02274;-03301;-00664;-02280
0000091623;-00007;-00069;-00317;-00007;-00070;-00314;-03306;-00652;-02261;-03304;-00658;-02280
0000091630;-00003;-00074;-00314;-00006;-00070;-00314;-03315;-00660;-02286;-03307;-00659;-02281
0000091652;-00008;-00072;-00315;-00007;-00070;-00314;-03320;-00662;-02277;-03308;-00657;-02280
0000091662;-00010;-00069;-00315;-00007;-00070;-00314;-03338;-00697;-02308;-03308;-00659;-02279
0000091671;-00009;-00074;-00312;-00007;-00070;-00314;-03314;-00684;-02276;-03307;-00660;-02278
0000091695;-00007;-00071;-00320;-00007;-00070;-00315;-03324;-00660;-02265;-03310;-00655;-02275
0000091703;-00010;-00069;-00314;-00007;-00070;-00315;-03320;-00666;-02285;-03310;-00653;-02273
0000091710;-00011;-00072;-00323;-00008;-00070;-00315;-03302;-00650;-02240;-03308;-00652;-02269
0000091715;-00007;-00071;-00316;-00007;-00070;-00315;-03313;-00658;-02279;-03309;-00654;-02271
0000091741;-00009;-00068;-00309;-00007;-00069;-00313;-03318;-00658;-02257;-03311;-00656;-02269
0000091756;-00003;-00066;-00312;-00006;-00068;-00314;-03301;-00640;-02277;-03310;-00653;-02271
0000091777;-00008;-00066;-00313;-00007;-00069;-00315;-03305;-00678;-02267;-03312;-00658;-02269
0000091785;-00009;-00075;-00318;-00007;-00070;-00316;-03303;-00643;-02245;-03310;-00656;-02268
0000091790;-00009;-00076;-00315;-00007;-00071;-00315;-03304;-00661;-02304;-03310;-00656;-02271
0000091794;-00006;-00072;-00316;-00007;-00071;-00315;-03291;-00652;-02280;-03308;-00655;-02271
0000091799;-00010;-00073;-00319;-00007;-00071;-00316;-03308;-00671;-02283;-03309;-00655;-02273
0000091823;-00006;-00076;-00316;-00007;-00072;-00315;-03317;-00683;-02279;-03311;-00658;-02273
0000091879;-00008;-00066;-00317;-00007;-00070;-00315;-03312;-00688;-02280;-03309;-00665;-02273
0000091905;-00009;-00070;-00314;-00008;-00070;-00314;-03302;-00672;-02265;-03306;-00665;-02269
0000091968;-00008;-00071;-00319;-00008;-00070;-00316;-03305;-00691;-02299;-03307;-00680;-02274
0000092016;-00008;-00068;-00313;-00007;-00070;-00314;-03311;-00697;-02271;-03304;-00680;-02275
0000092021;-00009;-00069;-00313;-00007;-00069;-00314;-03291;-00654;-02290;-03302;-00676;-02276
0000092035;-00009;-00067;-00319;-00007;-00069;-00316;-03315;-00683;-02254;-03305;-00677;-02272
0000092040;-00005;-00066;-00320;-00007;-00069;-00316;-03312;-00680;-02278;-03305;-00677;-02273
0000092074;-00003;-00073;-00318;-00005;-00070;-00316;-03302;-00664;-02279;-03305;-00674;-02274
0000092079;-00009;-00073;-00317;-00006;-00070;-00316;-03311;-00680;-02260;-03305;-00676;-02273
0000092086;-00010;-00070;-00312;-00006;-00070;-00316;-03299;-00680;-02286;-03304;-00677;-02275
0000092091;-00015;-00067;-00315;-00006;-00069;-00316;-03322;-00686;-02286;-03304;-00677;-02272
0000092110;-00010;-00072;-00317;-00007;-00070;-00316;-03304;-00695;-02265;-03302;-00680;-02275
0000092117;-00010;-00069;-00311;-00008;-00069;-00315;-03305;-00670;-02283;-03302;-00681;-02274
0000092127;-00007;-00072;-00318;-00007;-00070;-00315;-03306;-00714;-02286;-03302;-00685;-02280
0000092136;-00006;-00070;-00313;-00007;-00069;-00315;-03297;-00683;-02274;-03302;-00683;-02278
0000092141;-00003;-00067;-00315;-00006;-00069;-00315;-03315;-00716;-02279;-03303;-00686;-02276
0000092146;-00008;-00069;-00318;-00007;-00069;-00315;-03297;-00675;-02275;-03304;-00687;-02277
0000092151;-00010;-00074;-00315;-00007;-00069;-00315;-03318;-00716;-02284;-03305;-00688;-02278
0000092194;-00009;-00070;-00319;-00007;-00069;-00314;-03299;-00680;-02256;-03303;-00689;-02274
0000092199;-00006;-00067;-00316;-00007;-00069;-00314;-03304;-00697;-02272;-03302;-00689;-02274
0000092211;-00007;-00073;-00311;-00006;-00069;-00313;-03301;-00704;-02265;-03302;-00692;-02272
0000092216;-00006;-00067;-00308;-00007;-00069;-00313;-03296;-00674;-02287;-03301;-00688;-02274
0000092221;-00010;-00068;-00318;-00008;-00069;-00313;-03312;-00685;-02277;-03302;-00688;-02274
0000092226;-00003;-00064;-00320;-00007;-00068;-00314;-03298;-00690;-02268;-03301;-00689;-02273
0000092230;-00008;-00065;-00314;-00007;-00068;-00314;-03315;-00689;-02292;-03301;-00688;-02274
0000092247;-00006;-00072;-00314;-00007;-00068;-00315;-03299;-00674;-02267;-03301;-00684;-02271
0000092254;-00009;-00068;-00318;-00008;-00068;-00316;-03300;-00672;-02281;-03302;-00684;-02272
0000092305;-00009;-00068;-00311;-00007;-00069;-00315;-03308;-00709;-02274;-03304;-00684;-02272
0000092332;-00007;-00071;-00314;-00006;-00068;-00313;-03298;-00683;-02262;-03304;-00687;-02277
0000092351;-00011;-00069;-00312;-00007;-00069;-00314;-03307;-00679;-02254;-03307;-00690;-02272
0000092358;-00011;-00068;-00313;-00008;-00069;-00314;-03288;-00692;-02278;-03304;-00691;-02273
0000092450;-00006;-00068;-00318;-00006;-00068;-00314;-03314;-00712;-02278;-03306;-00693;-02271
0000092454;-00006;-00067;-00312;-00006;-00068;-00314;-03314;-00684;-02261;-03307;-00692;-02271
0000092481;-00007;-00069;-00312;-00006;-00069;-00315;-03303;-00679;-02294;-03306;-00692;-02270
0000092495;-00008;-00066;-00318;-00006;-00069;-00315;-03308;-00694;-02265;-03304;-00696;-02266
0000092519;-00006;-00070;-00317;-00006;-00069;-00315;-03290;-00686;-02257;-03305;-00697;-02266
0000092548;-00007;-00067;-00319;-00005;-00069;-00315;-03295;-00697;-02248;-03305;-00700;-02262
0000092556;-00002;-00070;-00317;-00004;-00069;-00315;-03295;-00700;-02251;-03304;-00702;-02262
0000092568;-00006;-00072;-00315;-00004;-00069;-00314;-03317;-00705;-02258;-03305;-00702;-02262
0000092575;-00004;-00070;-00314;-00004;-00069;-00314;-03316;-00703;-02256;-03305;-00701;-02262
0000092597;-00007;-00070;-00319;-00005;-00069;-00314;-03329;-00720;-02288;-03308;-00705;-02264
0000092601;-00008;-00074;-00318;-00006;-00069;-00314;-03288;-00705;-02258;-03304;-00703;-02265
0000092606;-00005;-00069;-00316;-00006;-00069;-00314;-03309;-00699;-02261;-03306;-00704;-02264
0000092640;-00010;-00069;-00313;-00005;-00069;-00315;-03305;-00720;-02286;-03305;-00708;-02264
0000092645;-00002;-00069;-00318;-00005;-00069;-00315;-03297;-00718;-02277;-03303;-00708;-02264
0000092650;-00009;-00068;-00318;-00006;-00069;-00315;-03304;-00709;-02260;-03305;-00710;-02263
0000092654;-00003;-00067;-00317;-00005;-00069;-00315;-03312;-00704;-02306;-03306;-00709;-02267
0000092662;-00009;-00068;-00315;-00005;-00068;-00315;-03327;-00719;-02260;-03305;-00708;-02264
0000092671;-00006;-00069;-00320;-00006;-00069;-00315;-03319;-00714;-02297;-03305;-00709;-02268
0000092676;-00005;-00073;-00314;-00006;-00069;-00315;-03298;-00689;-02285;-03304;-00708;-02267
0000092700;-00008;-00068;-00314;-00005;-00070;-00315;-03306;-00708;-02297;-03303;-00703;-02267
0000092707;-00010;-00073;-00310;-00006;-00070;-00315;-03308;-00714;-02294;-03302;-00703;-02268
0000092724;-00006;-00073;-00316;-00006;-00070;-00316;-03311;-00712;-02252;-03303;-00705;-02264
0000092736;-00006;-00068;-00314;-00006;-00070;-00316;-03322;-00734;-02276;-03306;-00710;-02265
0000092744;-00008;-00070;-00313;-00006;-00070;-00315;-03308;-00722;-02278;-03304;-00710;-02264
0000092775;-00012;-00070;-00313;-00007;-00070;-00313;-03307;-00701;-02266;-03303;-00710;-02262
0000092784;-00009;-00076;-00315;-00006;-00070;-00313;-03310;-00705;-02274;-03304;-00710;-02263
0000092804;-00004;-00070;-00316;-00006;-00070;-00313;-03302;-00703;-02242;-03302;-00708;-02263
0000092809;-00003;-00073;-00318;-00006;-00070;-00313;-03294;-00706;-02267;-03302;-00708;-02263
0000092840;-00004;-00071;-00317;-00007;-00070;-00315;-03312;-00738;-02253;-03301;-00718;-02259
0000092852;-00009;-00068;-00322;-00007;-00070;-00315;-03299;-00722;-02255;-03300;-00717;-02258
0000092864;-00010;-00072;-00313;-00007;-00070;-00316;-03310;-00726;-02258;-03302;-00717;-02256
0000092871;-00009;-00068;-00316;-00007;-00070;-00316;-03292;-00724;-02246;-03301;-00717;-02255
0000092876;-00002;-00074;-00317;-00007;-00071;-00316;-03306;-00718;-02274;-03302;-00717;-02258
0000092917;-00007;-00073;-00316;-00006;-00071;-00315;-03301;-00713;-02250;-03305;-00716;-02259
0000092929;-00005;-00071;-00317;-00006;-00071;-00315;-03311;-00709;-02276;-03305;-00716;-02262
0000092934;-00006;-00075;-00312;-00006;-00071;-00315;-03301;-00732;-02258;-03303;-00719;-02261
0000092941;-00007;-00068;-00315;-00006;-00071;-00315;-03295;-00707;-02265;-03303;-00717;-02261
0000092963;-00008;-00072;-00318;-00006;-00071;-00315;-03295;-00724;-02255;-03303;-00721;-02262
0000092968;-00013;-00070;-00313;-00007;-00071;-00315;-03302;-00716;-02259;-03303;-00719;-02263
0000092975;-00006;-00072;-00316;-00006;-00071;-00316;-03292;-00710;-02236;-03303;-00719;-02263
0000092982;-00009;-00073;-00315;-00006;-00071;-00315;-03296;-00720;-02234;-03302;-00719;-02263
0000092994;-00005;-00071;-00312;-00007;-00070;-00314;-03325;-00732;-02245;-03303;-00719;-02261
0000092999;-00005;-00070;-00311;-00007;-00070;-00314;-03289;-00705;-02264;-03302;-00721;-02263
0000093011;-00005;-00070;-00319;-00007;-00070;-00314;-03299;-00686;-02276;-03306;-00717;-02259
0000093035;-00006;-00066;-00312;-00006;-00069;-00313;-03305;-00723;-02265;-03309;-00704;-02260
0000093040;-00006;-00070;-00322;-00006;-00068;-00314;-03327;-00708;-02297;-03309;-00699;-02260
0000093047;-00007;-00072;-00319;-00007;-00069;-00314;-03295;-00698;-02288;-03304;-00699;-02264
0000093054;-00005;-00071;-00313;-00007;-00069;-00314;-03333;-00691;-02262;-03310;-00700;-02258
0000093062;-00011;-00066;-00317;-00008;-00069;-00314;-03301;-00674;-02231;-03305;-00701;-02260
0000093078;-00004;-00070;-00314;-00007;-00069;-00314;-03329;-00699;-02210;-03306;-00696;-02259
0000093131;-00004;-00069;-00318;-00006;-00070;-00315;-03317;-00720;-02272;-03301;-00683;-02276
0000093139;-00008;-00072;-00320;-00006;-00070;-00315;-03312;-00715;-02274;-03305;-00686;-02275
0000100410;00001;-00061;-00304;00000;-00060;-00300;-03092;-00947;-02475;-03115;-00904;-02443
0000100417;00002;-00056;-00299;00000;-00059;-00300;-03125;-00957;-02410;-03119;-00920;-02440
0000100441;-00002;-00062;-00299;00001;-00061;-00301;-03093;-00914;-02420;-03120;-00945;-02433
0000100448;00004;-00057;-00298;00002;-00060;-00300;-03106;-00942;-02479;-03107;-00935;-02444
0000100465;00003;-00055;-00298;00002;-00059;-00301;-03009;-00852;-02604;-03095;-00943;-02475
0000100470;-00002;-00064;-00304;00001;-00060;-00302;-03077;-00877;-02555;-03086;-00929;-02491
0000100477;00004;-00065;-00303;00001;-00060;-00301;-03157;-00908;-02286;-03107;-00923;-02454
0000100482;00003;-00063;-00302;00001;-00060;-00301;-03124;-00953;-02516;-03114;-00931;-02449
0000100504;00005;-00065;-00301;00003;-00062;-00301;-03075;-01060;-02410;-03096;-00983;-02443
0000100523;00000;-00062;-00305;00003;-00064;-00301;-03083;-01042;-02423;-03094;-01035;-02423
0000100533;00000;-00067;-00299;00003;-00063;-00302;-03137;-01072;-02400;-03103;-01043;-02410
0000100550;00001;-00060;-00298;00003;-00064;-00300;-03079;-01051;-02356;-03109;-01047;-02396
0000100583;00003;-00061;-00299;00003;-00063;-00300;-03182;-01088;-02340;-03143;-01064;-02362
0000100598;00008;-00064;-00297;00004;-00063;-00299;-03162;-01037;-02322;-03152;-01058;-02354
0000100610;00004;-00068;-00299;00003;-00063;-00299;-03176;-01043;-02321;-03159;-01054;-02348
0000100733;00001;-00061;-00301;00001;-00062;-00299;-03181;-01082;-02347;-03156;-01066;-02347
0000100738;00001;-00059;-00304;00002;-00062;-00300;-03146;-01050;-02324;-03155;-01063;-02346
0000100750;00002;-00064;-00304;00002;-00062;-00299;-03153;-01066;-02338;-03155;-01065;-02346
0000100795;00005;-00062;-00295;00003;-00062;-00299;-03152;-01074;-02342;-03160;-01063;-02346
0000100800;00003;-00061;-00297;00003;-00062;-00298;-03172;-01053;-02378;-03160;-01060;-02350
0000100839;00002;-00061;-00298;00002;-00061;-00299;-03175;-01072;-02360;-03158;-01056;-02349
0000100851;00004;-00061;-00307;00002;-00062;-00298;-03168;-01021;-02335;-03157;-01048;-02349
0000100868;00001;-00059;-00301;00002;-00061;-00299;-03179;-01114;-02342;-03159;-01051;-02347
0000100906;00000;-00057;-00303;00001;-00061;-00299;-03185;-01060;-02370;-03153;-01058;-02355
0000100916;00004;-00061;-00302;00002;-00061;-00300;-03154;-01072;-02364;-03153;-01064;-02354
0000100940;00004;-00064;-00299;00003;-00061;-00300;-03153;-01043;-02356;-03153;-01067;-02355
0000100947;00001;-00061;-00299;00003;-00062;-00299;-03166;-01074;-02336;-03152;-01068;-02353
0000100952;00004;-00062;-00298;00002;-00062;-00299;-03150;-01087;-02326;-03154;-01071;-02350
0000101015;00006;-00062;-00298;00003;-00062;-00298;-03146;-01045;-02356;-03159;-01059;-02348
0000101024;00000;-00059;-00295;00002;-00061;-00298;-03177;-01054;-02362;-03162;-01056;-02347
0000101034;00002;-00059;-00308;00003;-00061;-00298;-03164;-01054;-02348;-03164;-01053;-02346
0000101041;00000;-00064;-00306;00002;-00061;-00299;-03176;-01030;-02366;-03165;-01047;-02346
0000101075;00000;-00064;-00303;00002;-00062;-00301;-03161;-01032;-02344;-03165;-01042;-02346
0000101084;00003;-00061;-00297;00002;-00062;-00299;-03183;-01060;-02364;-03167;-01039;-02347
0000101104;00003;-00062;-00300;00003;-00063;-00300;-03160;-01017;-02368;-03165;-01037;-02347
0000101128;00004;-00063;-00302;00002;-00063;-00300;-03180;-01016;-02340;-03171;-01034;-02345
0000101149;00001;-00056;-00301;00002;-00062;-00299;-03174;-01006;-02368;-03171;-01028;-02349
0000101188;00002;-00062;-00304;00002;-00060;-00300;-03182;-01047;-02336;-03175;-01019;-02346
0000101217;00001;-00058;-00296;00001;-00060;-00300;-03158;-00983;-02323;-03174;-01008;-02346
0000101263;00001;-00064;-00298;00002;-00061;-00298;-03186;-01002;-02366;-03178;-01014;-02345
0000101268;00001;-00065;-00301;00001;-00062;-00298;-03193;-00998;-02354;-03179;-01014;-02345
0000101277;00000;-00061;-00301;00001;-00061;-00301;-03183;-01028;-02352;-03177;-01016;-02342
0000101308;00001;-00061;-00299;00001;-00062;-00300;-03169;-00994;-02348;-03179;-01012;-02340
0000101313;00002;-00060;-00301;00001;-00061;-00299;-03179;-01028;-02350;-03180;-01016;-02341
0000101366;00004;-00068;-00303;00002;-00062;-00299;-03144;-00986;-02356;-03171;-01014;-02344
0000101378;00001;-00062;-00297;00001;-00062;-00300;-03171;-01008;-02352;-03174;-01020;-02341
0000101417;00006;-00064;-00296;00002;-00061;-00299;-03176;-01002;-02330;-03174;-01019;-02345
0000101441;00006;-00062;-00305;00003;-00061;-00300;-03170;-00962;-02384;-03172;-01021;-02348
0000101446;00005;-00059;-00303;00003;-00061;-00300;-03168;-01042;-02342;-03170;-01026;-02345
0000101460;00005;-00060;-00299;00003;-00061;-00299;-03188;-01026;-02334;-03171;-01026;-02340
0000101475;00000;-00058;-00296;00002;-00061;-00299;-03163;-01022;-02360;-03170;-01028;-02345
0000101492;00004;-00065;-00307;00003;-00062;-00300;-03170;-01014;-02348;-03172;-01018;-02345
0000101516;00004;-00064;-00310;00003;-00062;-00300;-03191;-01018;-02356;-03174;-01013;-02344
0000101532;00004;-00066;-00301;00003;-00062;-00301;-03185;-01037;-02284;-03174;-01015;-02342
0000101540;00004;-00064;-00304;00002;-00063;-00301;-03169;-00990;-02358;-03174;-01012;-02344
0000101544;00002;-00062;-00305;00002;-00062;-00302;-03179;-01008;-02362;-03174;-01012;-02345
0000101549;00005;-00058;-00306;00003;-00062;-00302;-03167;-00957;-02360;-03176;-01006;-02346
0000101554;00002;-00058;-00300;00003;-00062;-00302;-03187;-01014;-02358;-03175;-01006;-02346
0000101634;00007;-00058;-00301;00002;-00061;-00301;-03175;-00979;-02328;-03179;-01000;-02341
0000101638;00001;-00061;-00306;00002;-00061;-00301;-03191;-01033;-02330;-03179;-01000;-02340
0000101646;00002;-00066;-00297;00001;-00061;-00301;-03182;-00988;-02352;-03180;-01000;-02344
0000101655;00002;-00060;-00308;00002;-00062;-00302;-03193;-01022;-02356;-03180;-00999;-02345
0000101663;00002;-00063;-00301;00001;-00061;-00302;-03194;-01012;-02358;-03179;-01001;-02346
0000101670;00001;-00061;-00296;00002;-00061;-00301;-03174;-00992;-02360;-03178;-01001;-02345
0000101675;-00001;-00069;-00298;00002;-00062;-00301;-03186;-01025;-02346;-03180;-01006;-02343
0000101687;00002;-00064;-00298;00001;-00062;-00301;-03192;-01018;-02338;-03180;-01009;-02340
0000101747;00000;-00059;-00292;00002;-00061;-00299;-03168;-01000;-02336;-03180;-01015;-02335
0000101759;00005;-00065;-00298;00002;-00062;-00298;-03192;-01038;-02338;-03182;-01017;-02335
0000101769;00003;-00065;-00296;00002;-00062;-00298;-03204;-01036;-02358;-03184;-01017;-02336
0000101773;00002;-00062;-00303;00002;-00062;-00298;-03166;-00987;-02354;-03182;-01015;-02338
0000101783;-00001;-00059;-00305;00001;-00062;-00300;-03165;-01002;-02332;-03181;-01015;-02336
0000101788;-00001;-00062;-00305;00001;-00062;-00301;-03191;-01014;-02340;-03182;-01015;-02336
0000101797;00002;-00060;-00296;00001;-00062;-00301;-03194;-01012;-02346;-03182;-01014;-02336
0000101805;00001;-00063;-00295;00002;-00062;-00299;-03203;-01015;-02342;-03183;-01013;-02335
0000101824;00000;-00059;-00298;00002;-00062;-00299;-03174;-01002;-02340;-03182;-01010;-02336
0000101829;00004;-00061;-00302;00002;-00062;-00300;-03174;-01036;-02330;-03182;-01013;-02336
0000101836;00004;-00062;-00295;00002;-00062;-00300;-03201;-01024;-02354;-03181;-01012;-02335
0000101841;00002;-00062;-00301;00002;-00062;-00300;-03180;-01002;-02328;-03182;-01011;-02334
0000101858;00001;-00060;-00301;00002;-00060;-00299;-03169;-01000;-02322;-03182;-01008;-02335
0000101911;00001;-00064;-00301;00002;-00061;-00300;-03194;-01016;-02364;-03184;-01013;-02337
0000101915;00007;-00064;-00308;00002;-00062;-00301;-03178;-01024;-02318;-03183;-01012;-02334
0000101925;00006;-00062;-00303;00002;-00061;-00301;-03176;-01008;-02320;-03184;-01012;-02331
0000101947;00003;-00064;-00299;00003;-00062;-00300;-03192;-01015;-02340;-03185;-01013;-02334
0000101990;00002;-00060;-00301;00002;-00061;-00300;-03178;-00996;-02320;-03187;-01012;-02333
0000102014;00003;-00064;-00299;00001;-00062;-00300;-03198;-01027;-02348;-03186;-01011;-02337
0000102026;-00001;-00062;-00300;00000;-00062;-00301;-03187;-00996;-02350;-03187;-01012;-02335
0000102038;-00002;-00066;-00304;00001;-00062;-00301;-03188;-01022;-02322;-03186;-01010;-02330
0000102050;00003;-00062;-00302;00001;-00062;-00299;-03186;-01026;-02308;-03186;-01013;-02333
0000102060;-00002;-00063;-00296;00001;-00062;-00300;-03168;-01010;-02322;-03183;-01012;-02335
0000102065;00002;-00065;-00296;00001;-00062;-00299;-03180;-01022;-02342;-03184;-01013;-02336
0000102070;00003;-00062;-00302;00001;-00062;-00299;-03228;-01008;-02318;-03187;-01017;-02335
0000102077;00007;-00063;-00304;00002;-00062;-00299;-03217;-01020;-02396;-03188;-01009;-02338
0000102082;00005;-00061;-00304;00002;-00062;-00300;-03173;-00988;-02276;-03187;-01008;-02332
0000102089;00003;-00060;-00297;00002;-00061;-00299;-03176;-01008;-02310;-03189;-01008;-02333
0000102103;00005;-00061;-00306;00003;-00061;-00300;-03186;-01014;-02322;-03189;-01003;-02332
0000102142;00003;-00063;-00297;00003;-00062;-00299;-03197;-01022;-02356;-03189;-01005;-02335
0000102161;00003;-00056;-00301;00002;-00061;-00299;-03194;-01012;-02302;-03189;-01006;-02333
0000102178;00001;-00061;-00302;00002;-00061;-00299;-03176;-00965;-02322;-03191;-00999;-02331
0000102183;00001;-00061;-00304;00001;-00061;-00300;-03222;-01027;-02352;-03193;-01003;-02331
0000102195;00003;-00063;-00297;00001;-00060;-00300;-03195;-01029;-02336;-03192;-01004;-02335
0000102246;00000;-00062;-00303;00001;-00061;-00302;-03194;-01004;-02316;-03192;-00995;-02336
0000102253;00003;-00065;-00298;00001;-00061;-00301;-03194;-01010;-02294;-03192;-00992;-02334
0000102258;00008;-00058;-00291;00002;-00061;-00299;-03179;-00962;-02340;-03190;-00988;-02337
0000102262;00007;-00057;-00297;00003;-00061;-00299;-03199;-01004;-02342;-03191;-00990;-02335
0000102272;00000;-00062;-00296;00002;-00060;-00298;-03193;-00983;-02342;-03190;-00990;-02335
0000102284;00006;-00060;-00300;00001;-00061;-00300;-03191;-00992;-02346;-03190;-00989;-02333
0000102296;00001;-00064;-00297;00002;-00062;-00299;-03178;-01010;-02336;-03188;-00996;-02334
0000102308;00006;-00059;-00299;00002;-00061;-00299;-03174;-00983;-02364;-03187;-00994;-02334
0000102323;00004;-00066;-00302;00002;-00062;-00301;-03195;-00980;-02338;-03189;-00995;-02337
0000102342;00002;-00062;-00298;00003;-00061;-00300;-03189;-00984;-02346;-03190;-00997;-02335
0000102349;00000;-00063;-00298;00002;-00062;-00299;-03193;-01022;-02334;-03189;-01000;-02334
0000102366;00005;-00062;-00300;00003;-00063;-00299;-03204;-00986;-02360;-03192;-00997;-02334
0000102373;00000;-00064;-00301;00002;-00063;-00299;-03198;-00988;-02336;-03191;-00993;-02333
0000102397;-00002;-00060;-00293;00000;-00062;-00297;-03171;-00990;-02360;-03189;-00987;-02332
0000102426;00000;-00064;-00299;00001;-00063;-00299;-03212;-00996;-02336;-03201;-00983;-02326
0000102438;00003;-00063;-00298;00001;-00063;-00298;-03194;-00973;-02346;-03201;-00976;-02325
0000102453;00005;-00060;-00308;00001;-00063;-00300;-03206;-00991;-02346;-03201;-00974;-02327
0000102465;00001;-00063;-00301;00001;-00062;-00299;-03193;-00940;-02350;-03201;-00972;-02325
0000102477;00002;-00063;-00303;00002;-00061;-00301;-03172;-00973;-02326;-03199;-00976;-02323
0000102482;-00001;-00064;-00299;00001;-00061;-00301;-03211;-01014;-02336;-03200;-00980;-02324
0000102486;00002;-00061;-00296;00001;-00062;-00301;-03184;-00946;-02324;-03199;-00977;-02324
0000102508;00000;-00058;-00299;00001;-00061;-00301;-03199;-00981;-02336;-03198;-00982;-02324
0000102542;-00001;-00060;-00305;00001;-00061;-00299;-03192;-00979;-02336;-03199;-00987;-02325
0000102552;00007;-00062;-00295;00002;-00061;-00299;-03196;-00979;-02296;-03200;-00986;-02322
0000102556;00003;-00064;-00302;00002;-00061;-00299;-03197;-00978;-02305;-03199;-00986;-02320
0000102561;00001;-00066;-00296;00002;-00062;-00299;-03212;-00998;-02312;-03201;-00986;-02321
0000102576;-00004;-00063;-00298;00001;-00062;-00300;-03211;-01010;-02354;-03204;-00982;-02321
0000102595;00004;-00062;-00306;00001;-00063;-00299;-03203;-00960;-02328;-03202;-00976;-02326
0000102629;-00001;-00062;-00294;00000;-00062;-00299;-03217;-00934;-02352;-03206;-00965;-02319
0000102633;00000;-00065;-00300;00000;-00062;-00299;-03209;-00962;-02348;-03204;-00965;-02326
0000102653;00000;-00059;-00304;00000;-00061;-00300;-03166;-00946;-02278;-03201;-00965;-02323
0000102684;00002;-00066;-00300;00000;-00062;-00298;-03189;-00949;-02318;-03202;-00968;-02324
0000102698;00004;-00059;-00298;00001;-00062;-00298;-03208;-00980;-02328;-03200;-00969;-02327
0000102703;-00001;-00065;-00300;00001;-00062;-00298;-03195;-01010;-02299;-03201;-00976;-02326
0000102718;-00003;-00057;-00304;00000;-00062;-00300;-03198;-00932;-02388;-03199;-00968;-02332
0000102723;-00001;-00065;-00301;00000;-00062;-00300;-03240;-00962;-02392;-03202;-00967;-02333
0000102737;-00001;-00061;-00294;00001;-00062;-00298;-03169;-00911;-02340;-03198;-00963;-02334
0000102744;00002;-00060;-00303;00001;-00062;-00299;-03242;-01042;-02259;-03198;-00956;-02329
0000102812;00002;-00063;-00300;00001;-00063;-00299;-03158;-00983;-02322;-03182;-01006;-02333
0000102829;00002;-00062;-00303;00001;-00063;-00300;-03182;-01006;-02318;-03185;-01013;-02331
0000102872;-00003;-00066;-00301;00001;-00063;-00302;-03187;-01013;-02320;-03188;-01001;-02331
0000102882;00001;-00060;-00302;00001;-00063;-00302;-03193;-01050;-02352;-03187;-01000;-02331
0000102935;00003;-00065;-00302;00002;-00062;-00300;-03169;-01033;-02302;-03184;-01014;-02332
0000102939;00002;-00064;-00300;00002;-00062;-00300;-03183;-01028;-02332;-03186;-01014;-02334
0000102949;00004;-00060;-00297;00002;-00062;-00300;-03199;-01045;-02326;-03186;-01015;-02334
0000102975;00001;-00065;-00306;00003;-00064;-00301;-03182;-01012;-02328;-03188;-01017;-02334
0000103002;00003;-00062;-00304;00002;-00062;-00301;-03185;-01024;-02328;-03188;-01020;-02329
0000103009;00004;-00061;-00302;00003;-00062;-00302;-03214;-00968;-02303;-03189;-01015;-02327
0000103014;00008;-00064;-00298;00003;-00062;-00301;-03192;-01023;-02310;-03188;-01011;-02326
0000103036;00000;-00064;-00298;00003;-00063;-00301;-03182;-00979;-02324;-03193;-01001;-02325
0000103043;-00002;-00062;-00306;00002;-00063;-00301;-03194;-01015;-02334;-03193;-01002;-02324
0000103065;00001;-00063;-00300;00002;-00062;-00300;-03193;-01020;-02320;-03193;-00999;-02327
0000103081;-00002;-00062;-00299;00001;-00062;-00299;-03187;-00981;-02322;-03193;-00994;-02329
0000103089;00001;-00058;-00301;00001;-00062;-00299;-03207;-01008;-02346;-03194;-00998;-02329
0000103144;00004;-00058;-00292;00001;-00062;-00300;-03206;-00996;-02324;-03196;-01002;-02329
0000103149;00002;-00061;-00301;00001;-00062;-00300;-03183;-00996;-02302;-03193;-01001;-02327
0000103154;00002;-00062;-00302;00001;-00062;-00300;-03193;-01020;-02346;-03195;-01003;-02330
0000103175;00001;-00071;-00297;00003;-00062;-00299;-03205;-01016;-02314;-03195;-01003;-02327
0000103188;00000;-00061;-00301;00002;-00062;-00301;-03190;-01016;-02308;-03195;-01004;-02325
0000103200;00001;-00065;-00301;00001;-00063;-00302;-03192;-01017;-02330;-03194;-01009;-02331
0000103207;00002;-00062;-00309;00002;-00063;-00302;-03198;-01008;-02328;-03193;-01003;-02328
0000103216;00000;-00064;-00306;00002;-00062;-00302;-03199;-01000;-02295;-03194;-01002;-02326
0000103267;00001;-00063;-00301;00002;-00062;-00302;-03195;-00979;-02322;-03195;-01000;-02320
0000103272;-00001;-00061;-00295;00001;-00062;-00301;-03207;-00992;-02338;-03196;-00997;-02320
0000103277;-00003;-00064;-00300;00001;-00062;-00301;-03199;-01006;-02308;-03196;-01000;-02318
0000103293;00004;-00061;-00300;00000;-00061;-00300;-03209;-01004;-02318;-03197;-01000;-02318
0000103303;-00001;-00059;-00308;00001;-00061;-00301;-03192;-00983;-02326;-03195;-00996;-02321
0000103320;00001;-00063;-00306;00001;-00061;-00301;-03194;-01006;-02310;-03196;-00996;-02322
0000103368;00003;-00060;-00306;00001;-00061;-00301;-03203;-00998;-02318;-03197;-00995;-02323
0000103373;00001;-00062;-00302;00001;-00062;-00301;-03194;-01044;-02304;-03197;-01003;-02321
0000103395;00007;-00062;-00302;00002;-00061;-00301;-03199;-01010;-02348;-03195;-01005;-02324
0000103424;00003;-00065;-00304;00003;-00061;-00301;-03203;-00994;-02324;-03198;-01002;-02320
0000103443;-00003;-00063;-00297;00001;-00062;-00302;-03219;-01000;-02340;-03198;-01001;-02321
0000103450;00004;-00061;-00299;00001;-00062;-00302;-03201;-00994;-02340;-03198;-00998;-02320
0000103455;00004;-00069;-00296;00002;-00063;-00301;-03221;-00976;-02336;-03201;-00998;-02322
0000103467;-00001;-00064;-00306;00001;-00063;-00302;-03204;-00988;-02328;-03198;-00993;-02321
0000103472;00001;-00060;-00294;00001;-00063;-00302;-03204;-00966;-02358;-03199;-00991;-02325
0000103493;00006;-00064;-00304;00000;-00062;-00301;-03196;-00977;-02318;-03201;-00991;-02324
0000103503;-00001;-00064;-00309;00000;-00062;-00301;-03194;-00984;-02317;-03202;-00990;-02325
0000103513;00007;-00059;-00301;00001;-00062;-00302;-03203;-00980;-02318;-03203;-00990;-02322
0000103525;-00002;-00062;-00298;00002;-00062;-00302;-03212;-01008;-02346;-03202;-00989;-02324
0000103532;00001;-00062;-00304;00002;-00063;-00301;-03206;-00967;-02336;-03201;-00987;-02322
0000103539;00001;-00066;-00304;00002;-00062;-00301;-03207;-00969;-02324;-03202;-00987;-02321
0000103556;00000;-00059;-00301;00001;-00061;-00301;-03200;-00998;-02298;-03204;-00987;-02320
0000103563;00006;-00064;-00301;00001;-00061;-00302;-03200;-00975;-02328;-03202;-00984;-02323
0000103571;00005;-00060;-00303;00002;-00061;-00302;-03190;-00994;-02320;-03201;-00984;-02320
0000103602;00006;-00061;-00302;00003;-00061;-00301;-03200;-00996;-02301;-03201;-00986;-02317
0000103612;00002;-00061;-00302;00003;-00061;-00302;-03197;-00987;-02293;-03199;-00987;-02315
0000103628;00001;-00057;-00300;00002;-00060;-00301;-03200;-00998;-02320;-03200;-00992;-02316
0000103633;00005;-00056;-00303;00002;-00060;-00301;-03187;-00994;-02312;-03198;-00990;-02315
0000103657;00007;-00063;-00302;00003;-00062;-00301;-03213;-00984;-02308;-03200;-00991;-02314
0000103667;00002;-00060;-00303;00002;-00062;-00302;-03197;-00982;-02314;-03201;-00988;-02319
0000103679;00006;-00057;-00301;00001;-00061;-00302;-03218;-00979;-02304;-03202;-00986;-02320
0000103742;00004;-00057;-00303;00003;-00060;-00300;-03198;-00943;-02319;-03203;-00983;-02321
0000103795;00006;-00064;-00296;00003;-00062;-00299;-03204;-00990;-02334;-03202;-00988;-02316
0000103799;00002;-00063;-00295;00003;-00062;-00298;-03203;-00992;-02326;-03204;-00991;-02318
0000103811;00006;-00064;-00303;00003;-00061;-00298;-03202;-00992;-02316;-03202;-00990;-02318
0000103823;00003;-00061;-00300;00003;-00062;-00300;-03207;-01002;-02342;-03201;-00990;-02317
0000103831;00002;-00064;-00299;00002;-00062;-00301;-03195;-00998;-02322;-03200;-00989;-02317
0000103896;00003;-00065;-00308;00003;-00062;-00303;-03193;-00992;-02322;-03203;-00989;-02315
0000103903;00001;-00061;-00297;00003;-00061;-00302;-03203;-01006;-02288;-03205;-00989;-02315
0000103908;00005;-00061;-00298;00003;-00061;-00302;-03207;-00987;-02315;-03206;-00987;-02317
0000103915;00005;-00059;-00297;00002;-00061;-00302;-03200;-00998;-02289;-03205;-00987;-02314
0000103932;00004;-00058;-00307;00003;-00062;-00302;-03200;-00969;-02298;-03204;-00986;-02310
0000103944;00003;-00062;-00304;00002;-00061;-00303;-03212;-00985;-02306;-03206;-00985;-02310
0000103958;00006;-00063;-00298;00002;-00061;-00301;-03223;-00978;-02334;-03207;-00987;-02316
0000103980;00005;-00064;-00299;00002;-00061;-00301;-03217;-01004;-02310;-03209;-00987;-02312
0000103985;00004;-00060;-00296;00002;-00061;-00300;-03183;-00951;-02294;-03206;-00981;-02312
0000103990;00007;-00063;-00302;00003;-00061;-00301;-03223;-01014;-02326;-03208;-00985;-02313
0000103995;00005;-00062;-00305;00003;-00062;-00302;-03210;-00954;-02328;-03208;-00981;-02313
0000103999;00002;-00061;-00300;00003;-00062;-00302;-03212;-01010;-02310;-03209;-00985;-02314
0000104004;00004;-00056;-00306;00003;-00061;-00302;-03213;-00969;-02316;-03209;-00983;-02315
0000104016;00002;-00064;-00301;00003;-00062;-00302;-03228;-00992;-02305;-03210;-00984;-02311
0000104023;00001;-00059;-00306;00002;-00061;-00302;-03224;-00974;-02328;-03210;-00981;-02310
0000104028;00001;-00065;-00301;00002;-00062;-00302;-03213;-00977;-02320;-03209;-00980;-02312
0000104055;00004;-00062;-00300;00003;-00062;-00300;-03214;-00982;-02334;-03209;-00972;-02317
0000104067;00005;-00058;-00301;00002;-00062;-00301;-03208;-00974;-02314;-03208;-00976;-02314
0000104074;00003;-00056;-00302;00002;-00061;-00301;-03198;-00994;-02306;-03208;-00976;-02313
0000104079;00004;-00065;-00307;00002;-00062;-00302;-03209;-00951;-02320;-03208;-00973;-02314
0000104098;-00001;-00065;-00296;00002;-00062;-00300;-03210;-00953;-02334;-03209;-00977;-02312
0000104103;-00001;-00062;-00299;00001;-00062;-00300;-03198;-00967;-02293;-03207;-00975;-02312
0000104122;00001;-00056;-00305;00002;-00062;-00303;-03198;-00964;-02316;-03207;-00977;-02313
0000104134;00001;-00064;-00305;00002;-00062;-00302;-03208;-00998;-02332;-03207;-00983;-02312
0000104151;00002;-00062;-00304;00001;-00062;-00302;-03206;-00956;-02295;-03208;-00978;-02307
0000104178;00004;-00068;-00301;00002;-00062;-00301;-03213;-00988;-02311;-03211;-00986;-02305
0000104182;00006;-00061;-00302;00002;-00062;-00301;-03211;-00994;-02300;-03211;-00987;-02303
0000104197;00001;-00060;-00300;00002;-00061;-00301;-03220;-01000;-02326;-03212;-00987;-02305
0000104211;-00001;-00062;-00296;00001;-00061;-00301;-03214;-00974;-02318;-03212;-00983;-02309
0000104216;-00004;-00066;-00300;00000;-00061;-00301;-03226;-01012;-02303;-03214;-00987;-02307
0000104247;00006;-00061;-00300;00001;-00061;-00301;-03207;-00980;-02338;-03213;-00985;-02309
0000104252;00001;-00057;-00301;00001;-00061;-00301;-03198;-00977;-02296;-03212;-00983;-02306
0000104259;00004;-00060;-00303;00001;-00061;-00301;-03210;-00981;-02274;-03213;-00983;-02306
0000104272;00004;-00060;-00301;00001;-00061;-00301;-03194;-00965;-02300;-03213;-00982;-02306
0000104293;00000;-00066;-00304;00001;-00063;-00301;-03204;-00985;-02287;-03211;-00983;-02299
0000104298;00001;-00061;-00299;00001;-00062;-00301;-03207;-00986;-02308;-03212;-00984;-02304
0000104310;00000;-00062;-00299;00001;-00062;-00301;-03213;-00986;-02302;-03211;-00986;-02302
0000104322;00004;-00064;-00304;00001;-00062;-00302;-03214;-00962;-02274;-03210;-00981;-02301
0000104414;00003;-00062;-00299;00001;-00061;-00301;-03232;-01006;-02332;-03216;-00982;-02304
0000104421;00006;-00063;-00302;00002;-00061;-00302;-03208;-00996;-02293;-03214;-00983;-02304
0000104433;00001;-00066;-00311;00002;-00060;-00303;-03215;-00980;-02326;-03216;-00984;-02310
0000104438;00005;-00060;-00301;00003;-00061;-00303;-03206;-00954;-02287;-03216;-00982;-02306
0000104455;00003;-00055;-00293;00003;-00060;-00302;-03216;-00975;-02289;-03217;-00979;-02300
0000104471;00002;-00059;-00311;00002;-00059;-00303;-03233;-00977;-02299;-03219;-00976;-02301
0000104491;00001;-00056;-00304;00002;-00060;-00303;-03225;-00988;-02275;-03219;-00976;-02299
0000104505;00002;-00060;-00306;00001;-00059;-00301;-03217;-00998;-02284;-03220;-00979;-02296
0000104532;00008;-00061;-00306;00002;-00061;-00301;-03216;-00971;-02298;-03216;-00976;-02302
0000104558;00005;-00064;-00301;00002;-00061;-00302;-03207;-01000;-02278;-03214;-00979;-02302
0000104594;00004;-00063;-00301;00001;-00061;-00301;-03220;-00996;-02287;-03216;-00980;-02303
0000104606;00003;-00067;-00299;00001;-00062;-00301;-03217;-00973;-02297;-03218;-00976;-02298
0000104655;00003;-00059;-00307;00002;-00060;-00302;-03217;-00924;-02296;-03221;-00957;-02302
0000104700;00002;-00062;-00305;00002;-00061;-00303;-03225;-00940;-02294;-03224;-00947;-02305
0000104739;00004;-00061;-00306;00001;-00060;-00304;-03215;-00943;-02306;-03225;-00943;-02299
0000104751;00003;-00063;-00297;00002;-00061;-00303;-03212;-00914;-02312;-03223;-00941;-02302
0000104775;-00001;-00059;-00307;00002;-00060;-00302;-03205;-00926;-02289;-03222;-00942;-02301
0000104794;00004;-00057;-00303;00001;-00060;-00301;-03212;-00958;-02270;-03222;-00948;-02298
0000104804;00001;-00065;-00303;00001;-00060;-00301;-03223;-00952;-02318;-03222;-00949;-02301
0000104809;-00001;-00060;-00305;00000;-00060;-00301;-03218;-00942;-02279;-03222;-00947;-02300
0000104833;-00006;-00057;-00304;00001;-00060;-00301;-03208;-00930;-02308;-03224;-00946;-02300
0000104838;-00002;-00061;-00302;00000;-00060;-00301;-03236;-00944;-02302;-03225;-00945;-02299
0000104842;00005;-00063;-00308;00001;-00060;-00302;-03213;-00918;-02293;-03224;-00943;-02297
0000104879;00001;-00059;-00299;00001;-00061;-00299;-03228;-00941;-02295;-03224;-00943;-02300
0000104903;00003;-00060;-00306;00001;-00061;-00301;-03206;-00953;-02285;-03224;-00942;-02297
0000104915;00006;-00064;-00303;00002;-00061;-00301;-03241;-00936;-02318;-03226;-00940;-02299
0000104948;00002;-00058;-00312;00001;-00061;-00302;-03212;-00942;-02284;-03226;-00940;-02297
0000104970;00001;-00062;-00303;00000;-00061;-00302;-03245;-00943;-02298;-03228;-00941;-02296
0000104980;-00003;-00057;-00301;00000;-00060;-00302;-03240;-00955;-02316;-03229;-00943;-02300
0000104992;00007;-00059;-00301;00001;-00060;-00302;-03224;-00946;-02290;-03228;-00943;-02298
0000105001;00004;-00062;-00304;00001;-00060;-00303;-03214;-00944;-02308;-03227;-00945;-02297
0000105026;00002;-00062;-00305;00000;-00061;-00303;-03238;-00946;-02314;-03228;-00943;-02301
0000105038;00002;-00060;-00300;00000;-00060;-00302;-03222;-00971;-02312;-03225;-00946;-02298
0000105042;00006;-00062;-00301;00001;-00060;-00302;-03228;-00928;-02283;-03225;-00943;-02296
0000105052;00008;-00061;-00293;00002;-00060;-00300;-03240;-00940;-02282;-03227;-00939;-02295
0000105067;00003;-00058;-00303;00003;-00061;-00301;-03223;-00962;-02270;-03227;-00940;-02293
0000105076;00005;-00062;-00301;00003;-00060;-00301;-03239;-00949;-02302;-03228;-00938;-02295
0000105107;00005;-00062;-00295;00002;-00060;-00301;-03238;-00932;-02300;-03228;-00934;-02297
0000105112;00001;-00064;-00302;00002;-00060;-00301;-03219;-00937;-02294;-03227;-00935;-02295
0000105122;-00001;-00061;-00296;00001;-00060;-00300;-03222;-00938;-02312;-03226;-00935;-02298
0000105134;-00002;-00064;-00299;00001;-00061;-00299;-03206;-00936;-02261;-03228;-00932;-02293
0000105141;00005;-00059;-00301;00001;-00061;-00300;-03229;-00933;-02278;-03230;-00933;-02293
0000105148;00003;-00063;-00308;00002;-00061;-00300;-03226;-00942;-02298;-03230;-00933;-02295
0000105163;00002;-00060;-00300;00001;-00061;-00299;-03251;-00943;-02288;-03231;-00933;-02294
0000105168;00004;-00061;-00299;00002;-00060;-00299;-03232;-00920;-02270;-03230;-00932;-02291
0000105192;00002;-00060;-00296;00001;-00059;-00300;-03231;-00941;-02289;-03230;-00933;-02292
0000105201;00005;-00058;-00299;00001;-00060;-00300;-03223;-00934;-02312;-03231;-00932;-02295
0000105225;00002;-00057;-00301;00002;-00059;-00301;-03223;-00922;-02293;-03229;-00933;-02295
0000105230;00004;-00060;-00306;00002;-00058;-00302;-03247;-00972;-02291;-03229;-00937;-02293
0000105235;00001;-00060;-00307;00002;-00059;-00302;-03221;-00939;-02288;-03229;-00936;-02294
0000105245;-00002;-00061;-00302;00001;-00059;-00302;-03238;-00949;-02286;-03230;-00938;-02293
0000105257;00000;-00060;-00295;00001;-00060;-00301;-03236;-00959;-02271;-03230;-00940;-02296
0000105264;00004;-00059;-00299;00000;-00059;-00301;-03233;-00940;-02288;-03230;-00937;-02296
0000105279;-00001;-00062;-00297;00000;-00061;-00301;-03228;-00934;-02304;-03229;-00940;-02294
0000105303;00002;-00059;-00307;00000;-00059;-00302;-03237;-00938;-02285;-03229;-00940;-02291
0000105307;00001;-00063;-00293;00000;-00060;-00300;-03225;-00930;-02314;-03230;-00939;-02295
0000105317;00002;-00057;-00300;00000;-00059;-00300;-03218;-00920;-02279;-03230;-00938;-02293
0000105322;00003;-00060;-00305;00000;-00060;-00301;-03233;-00951;-02288;-03230;-00938;-02294
0000105331;-00002;-00061;-00304;00000;-00060;-00302;-03223;-00946;-02272;-03229;-00937;-02291
0000105353;00009;-00058;-00306;00002;-00060;-00302;-03228;-00932;-02279;-03229;-00937;-02294
0000105365;00003;-00061;-00306;00002;-00060;-00303;-03228;-00924;-02282;-03228;-00935;-02297
0000105392;00003;-00062;-00311;00001;-00061;-00302;-03240;-00924;-02312;-03231;-00935;-02299
0000105411;00006;-00062;-00306;00002;-00060;-00303;-03224;-00920;-02277;-03232;-00937;-02293
0000105416;00006;-00056;-00308;00003;-00059;-00303;-03227;-00960;-02277;-03231;-00939;-02293
0000105421;00001;-00061;-00307;00002;-00060;-00304;-03240;-00940;-02320;-03232;-00937;-02295
0000105452;00003;-00060;-00302;00002;-00059;-00303;-03222;-00939;-02336;-03229;-00942;-02295
0000105476;00003;-00062;-00297;00003;-00059;-00302;-03254;-00918;-02324;-03232;-00929;-02293
0000105515;00002;-00059;-00299;00003;-00060;-00302;-03256;-00926;-02306;-03236;-00921;-02290
0000105529;00004;-00057;-00298;00002;-00059;-00302;-03236;-00904;-02285;-03236;-00920;-02289
0000105553;00001;-00060;-00297;00001;-00059;-00301;-03236;-00915;-02276;-03237;-00921;-02290
0000105577;00004;-00064;-00305;00001;-00060;-00303;-03241;-00920;-02304;-03236;-00919;-02294
0000105584;00002;-00057;-00295;00001;-00060;-00302;-03226;-00918;-02330;-03235;-00917;-02294
0000105592;00004;-00055;-00301;00001;-00060;-00302;-03230;-00894;-02296;-03234;-00918;-02292
0000105606;00003;-00060;-00294;00002;-00060;-00301;-03245;-00926;-02314;-03234;-00921;-02293
0000105623;00004;-00062;-00296;00002;-00060;-00302;-03205;-00902;-02277;-03230;-00916;-02289
0000105628;00003;-00065;-00297;00002;-00061;-00301;-03246;-00915;-02271;-03231;-00917;-02288
0000105637;00000;-00061;-00299;00002;-00060;-00301;-03246;-00941;-02290;-03231;-00918;-02291
0000105649;00011;-00057;-00301;00003;-00059;-00299;-03243;-00930;-02287;-03233;-00922;-02291
0000105654;00003;-00063;-00302;00003;-00059;-00300;-03238;-00917;-02280;-03233;-00923;-02290
0000105703;-00001;-00061;-00303;00000;-00060;-00302;-03221;-00914;-02276;-03231;-00921;-02294
0000105707;-00001;-00058;-00301;00000;-00060;-00302;-03235;-00926;-02290;-03231;-00921;-02292
0000105731;00001;-00056;-00300;00001;-00058;-00301;-03255;-00859;-02297;-03232;-00918;-02301
0000105736;00002;-00060;-00298;00000;-00058;-00301;-03186;-00935;-02249;-03228;-00914;-02298
0000105755;00010;-00056;-00312;00002;-00058;-00303;-03278;-01007;-02446;-03228;-00911;-02316
0000105780;00001;-00061;-00299;00002;-00059;-00301;-03212;-00872;-02274;-03219;-00896;-02322
0000105789;00008;-00055;-00300;00002;-00058;-00301;-03212;-00907;-02384;-03215;-00895;-02331
0000105799;-00005;-00061;-00297;00002;-00059;-00301;-03239;-01010;-02370;-03213;-00921;-02332
0000105806;00002;-00065;-00299;00002;-00060;-00300;-03182;-01012;-02342;-03204;-00939;-02329
0000105811;00000;-00059;-00301;00002;-00060;-00300;-03188;-01083;-02324;-03202;-00964;-02332
0000105823;00000;-00063;-00307;00002;-00061;-00300;-03178;-01079;-02253;-03193;-00985;-02324
0000105828;00001;-00061;-00304;00002;-00060;-00300;-03217;-01091;-02372;-03194;-01007;-02331
0000105842;00004;-00063;-00301;00002;-00061;-00301;-03221;-01060;-02301;-03192;-01008;-02322
0000105854;00008;-00062;-00303;00003;-00061;-00301;-03210;-01082;-02335;-03189;-01027;-02319
0000105874;00004;-00068;-00306;00003;-00062;-00302;-03167;-01244;-02336;-03179;-01068;-02318
0000105898;00005;-00066;-00303;00004;-00063;-00303;-03162;-01106;-02278;-03166;-01091;-02323
0000105902;00003;-00065;-00300;00004;-00063;-00303;-03152;-01129;-02338;-03167;-01101;-02326
0000105910;00004;-00065;-00304;00004;-00064;-00302;-03151;-01125;-02326;-03163;-01104;-02324
0000105914;00006;-00061;-00305;00004;-00064;-00302;-03164;-01148;-02326;-03162;-01111;-02323
0000105965;00004;-00065;-00301;00004;-00064;-00302;-03173;-01122;-02312;-03162;-01122;-02314
0000106040;00001;-00066;-00300;00003;-00064;-00302;-03181;-01074;-02320;-03173;-01101;-02309
0000106047;00005;-00066;-00300;00003;-00064;-00302;-03184;-01088;-02314;-03176;-01102;-02307
0000106052;00003;-00063;-00307;00003;-00064;-00302;-03182;-01095;-02298;-03175;-01100;-02305
0000106057;00004;-00062;-00296;00002;-00063;-00302;-03191;-01078;-02297;-03176;-01099;-02306
0000106061;00007;-00061;-00298;00003;-00063;-00301;-03175;-01084;-02310;-03175;-01094;-02306
0000106069;00005;-00062;-00300;00003;-00063;-00302;-03190;-01091;-02330;-03180;-01094;-02309
0000106081;00007;-00066;-00300;00004;-00063;-00301;-03174;-01082;-02308;-03178;-01090;-02310
0000106100;00007;-00064;-00302;00004;-00063;-00301;-03169;-01072;-02298;-03178;-01085;-02309
0000106107;-00001;-00066;-00303;00004;-00063;-00302;-03169;-01079;-02280;-03177;-01084;-02305
0000106122;00003;-00063;-00303;00004;-00064;-00303;-03188;-01068;-02328;-03179;-01081;-02309
0000106158;00001;-00064;-00296;00002;-00064;-00301;-03180;-01074;-02285;-03183;-01071;-02303
0000106177;00003;-00060;-00304;00003;-00065;-00301;-03192;-01080;-02274;-03185;-01068;-02300
0000106204;00002;-00064;-00306;00002;-00065;-00302;-03190;-01059;-02266;-03188;-01063;-02298
0000106218;00001;-00061;-00297;00003;-00063;-00302;-03216;-01060;-02318;-03191;-01063;-02297
0000106225;00004;-00066;-00302;00003;-00064;-00302;-03203;-01062;-02308;-03191;-01061;-02299
0000106247;00004;-00065;-00302;00003;-00064;-00303;-03188;-00998;-02258;-03189;-01049;-02306
0000106264;00002;-00064;-00305;00002;-00063;-00303;-03180;-01091;-02299;-03180;-01069;-02311
0000106276;00000;-00063;-00305;00002;-00063;-00304;-03136;-01080;-02384;-03169;-01079;-02317
0000106283;00004;-00064;-00302;00003;-00063;-00303;-03154;-01043;-02330;-03170;-01077;-02315
0000106297;00006;-00066;-00306;00003;-00064;-00302;-03097;-01132;-02277;-03163;-01097;-02311

